Size of Data  (KB),Server Data Size,Server Data Size (KB),Time to Send,Time to Receive,Processing Time,Topology,
3,4684,4.57421875,54,24,78,,
3,8570,8.369140625,62,23,85,,
3,12460,12.16796875,75,37,112,,
3,16340,15.95703125,67,28,95,,
3,20234,19.75976563,78,32,110,,
3,24104,23.5390625,71,31,102,,
3,27984,27.328125,66,19,85,,
3,31856,31.109375,79,33,112,,
3,35726,34.88867188,73,45,118,,
3,39604,38.67578125,65,38,103,,
3,43460,42.44140625,65,25,90,,
3,47324,46.21484375,65,30,95,,
3,51192,49.9921875,59,34,93,,
3,55070,53.77929688,56,19,75,,
3,58932,57.55078125,65,27,92,,
3,62806,61.33398438,61,24,85,,
3,66694,65.13085938,63,26,89,BAn10m2 (iteration 1),
3,4686,4.576171875,46,20,66,,
3,8572,8.37109375,44,16,60,,
3,12444,12.15234375,74,25,99,,
3,16312,15.9296875,63,25,88,,
3,20170,19.69726563,69,32,101,,
3,24054,23.49023438,85,36,121,,
3,27932,27.27734375,64,19,83,,
3,31796,31.05078125,77,27,104,,
3,35670,34.83398438,58,23,81,,
3,39540,38.61328125,66,24,90,,
3,43424,42.40625,57,18,75,,
3,47308,46.19921875,74,32,106,,
3,51178,49.97851563,68,39,107,,
3,55054,53.76367188,69,41,110,,
3,58928,57.546875,75,34,109,,
3,62798,61.32617188,65,28,93,,
3,66662,65.09960938,58,18,76,BAn10m2 (iteration 2),
3,4688,4.578125,59,27,86,,
3,8574,8.373046875,66,27,93,,
3,12456,12.1640625,70,36,106,,
3,16332,15.94921875,66,29,95,,
3,20200,19.7265625,60,37,97,,
3,24076,23.51171875,68,29,97,,
3,27958,27.30273438,55,21,76,,
3,31844,31.09765625,77,29,106,,
3,35708,34.87109375,72,31,103,,
3,39588,38.66015625,65,37,102,,
3,43466,42.44726563,51,28,79,,
3,47346,46.23632813,63,24,87,,
3,51226,50.02539063,62,26,88,,
3,55110,53.81835938,57,26,83,,
3,59000,57.6171875,72,45,117,,
3,62870,61.39648438,83,35,118,,
3,66748,65.18359375,73,34,107,BAn10m2 (iteration 3),
3,4690,4.580078125,57,27,84,,
3,8576,8.375,57,28,85,,
3,12454,12.16210938,59,27,86,,
3,16332,15.94921875,63,30,93,,
3,20214,19.74023438,63,37,100,,
3,24092,23.52734375,52,22,74,,
3,27972,27.31640625,70,21,91,,
3,31844,31.09765625,56,24,80,,
3,35718,34.88085938,59,24,83,,
3,39596,38.66796875,63,24,87,,
3,43476,42.45703125,55,29,84,,
3,47348,46.23828125,59,19,78,,
3,51224,50.0234375,79,31,110,,
3,55102,53.81054688,80,38,118,,
3,58964,57.58203125,84,36,120,,
3,62848,61.375,57,30,87,,
3,66742,65.17773438,72,28,100,BAn10m2 (iteration 4),
3,4686,4.576171875,59,24,83,,
3,8572,8.37109375,87,52,139,,
3,12448,12.15625,51,26,77,,
3,16318,15.93554688,57,34,91,,
3,20202,19.72851563,52,18,70,,
3,24090,23.52539063,67,46,113,,
3,27976,27.3203125,72,45,117,,
3,31848,31.1015625,79,34,113,,
3,35736,34.8984375,81,37,118,,
3,39594,38.66601563,90,36,126,,
3,43462,42.44335938,97,46,143,,
3,47356,46.24609375,87,34,121,,
3,51234,50.03320313,67,23,90,,
3,55110,53.81835938,58,23,81,,
3,58988,57.60546875,64,32,96,,
3,62858,61.38476563,50,28,78,,
3,66736,65.171875,53,19,72,BAn10m2 (iteration 5),
3,4682,4.572265625,49,23,72,,
3,8568,8.3671875,57,24,81,,
3,12448,12.15625,60,25,85,,
3,16324,15.94140625,55,24,79,,
3,20200,19.7265625,46,22,68,,
3,24088,23.5234375,53,25,78,,
3,27964,27.30859375,61,24,85,,
3,31832,31.0859375,64,39,103,,
3,35712,34.875,63,31,94,,
3,39600,38.671875,61,16,77,,
3,43478,42.45898438,64,35,99,,
3,47346,46.23632813,72,29,101,,
3,51226,50.02539063,91,33,124,,
3,55100,53.80859375,78,34,112,,
3,58982,57.59960938,75,32,107,,
3,62860,61.38671875,72,32,104,,
3,66738,65.17382813,61,24,85,,
3,70614,68.95898438,60,21,81,,
3,74492,72.74609375,70,32,102,,
3,78358,76.52148438,76,31,107,,
3,82220,80.29296875,60,24,84,,
3,86086,84.06835938,63,32,95,,
3,89970,87.86132813,68,18,86,,
3,93862,91.66210938,53,17,70,BAn10m3 (iteration 1),
3,4688,4.578125,52,23,75,,
3,8572,8.37109375,59,24,83,,
3,12452,12.16015625,56,26,82,,
3,16334,15.95117188,62,29,91,,
3,20224,19.75,75,39,114,,
3,24094,23.52929688,69,28,97,,
3,27968,27.3125,71,29,100,,
3,31854,31.10742188,44,10,54,,
3,35738,34.90039063,68,44,112,,
3,39608,38.6796875,68,39,107,,
3,43498,42.47851563,62,27,89,,
3,47374,46.26367188,77,35,112,,
3,51234,50.03320313,84,51,135,,
3,55110,53.81835938,58,19,77,,
3,58984,57.6015625,79,34,113,,
3,62874,61.40039063,78,28,106,,
3,66750,65.18554688,77,36,113,,
3,70620,68.96484375,92,32,124,,
3,74488,72.7421875,80,33,113,,
3,78364,76.52734375,62,20,82,,
3,82238,80.31054688,71,28,99,,
3,86120,84.1015625,70,28,98,,
3,89984,87.875,71,44,115,,
3,93862,91.66210938,70,31,101,BAn10m3 (iteration 2),95.29850746
3,4686,4.576171875,59,24,83,,
3,8572,8.37109375,61,26,87,,
3,12452,12.16015625,52,21,73,,
3,16326,15.94335938,70,41,111,,
3,20206,19.73242188,54,32,86,,
3,24090,23.52539063,70,32,102,,
3,27972,27.31640625,87,36,123,,
3,31838,31.09179688,91,35,126,,
3,35722,34.88476563,75,31,106,,
3,39604,38.67578125,81,38,119,,
3,43472,42.453125,75,35,110,,
3,47336,46.2265625,75,32,107,,
3,51208,50.0078125,66,28,94,,
3,55096,53.8046875,56,29,85,,
3,58962,57.58007813,63,37,100,,
3,62840,61.3671875,59,31,90,,
3,66702,65.13867188,59,31,90,,
3,70556,68.90234375,77,25,102,,
3,74436,72.69140625,66,28,94,,
3,78316,76.48046875,63,40,103,,
3,82186,80.25976563,64,37,101,,
3,86064,84.046875,72,17,89,,
3,89938,87.83007813,54,31,85,,
3,93800,91.6015625,67,28,95,BAn10m3 (iteration 3),
3,4690,4.580078125,51,24,75,,
3,8576,8.375,58,10,68,,
3,12456,12.1640625,59,24,83,,
3,16328,15.9453125,67,30,97,,
3,20210,19.73632813,56,23,79,,
3,24082,23.51757813,61,28,89,,
3,27958,27.30273438,59,10,69,,
3,31838,31.09179688,60,35,95,,
3,35702,34.86523438,60,36,96,,
3,39574,38.64648438,62,25,87,,
3,43450,42.43164063,67,24,91,,
3,47322,46.21289063,68,30,98,,
3,51198,49.99804688,68,28,96,,
3,55078,53.78710938,65,27,92,,
3,58952,57.5703125,57,32,89,,
3,62828,61.35546875,79,32,111,,
3,66702,65.13867188,65,29,94,,
3,70580,68.92578125,59,33,92,,
3,74440,72.6953125,65,37,102,,
3,78318,76.48242188,52,18,70,,
3,82186,80.25976563,55,20,75,,
3,86056,84.0390625,84,35,119,,
3,89926,87.81835938,85,38,123,,
3,93800,91.6015625,79,35,114,BAn10m3 (iteration 4),
3,4678,4.568359375,54,23,77,,
3,8564,8.36328125,54,17,71,,
3,12442,12.15039063,58,20,78,,
3,16314,15.93164063,59,11,70,,
3,20188,19.71484375,58,33,91,,
3,24054,23.49023438,70,36,106,,
3,27934,27.27929688,64,26,90,,
3,31806,31.06054688,59,25,84,,
3,35684,34.84765625,77,40,117,,
3,39566,38.63867188,61,25,86,,
3,43452,42.43359375,60,35,95,,
3,47326,46.21679688,50,30,80,,
3,51198,49.99804688,72,30,102,,
3,55062,53.77148438,66,26,92,,
3,58944,57.5625,67,17,84,,
3,62828,61.35546875,87,37,124,,
3,66708,65.14453125,79,24,103,,
3,70592,68.9375,82,31,113,,
3,74466,72.72070313,78,33,111,,
3,78336,76.5,56,30,86,,
3,82226,80.29882813,66,27,93,,
3,86108,84.08984375,54,31,85,,
3,89982,87.87304688,53,23,76,,
3,93864,91.6640625,66,26,92,BAn10m3 (iteration 5),
3,4688,4.578125,80,34,114,,
3,8574,8.373046875,87,28,115,,
3,12452,12.16015625,86,40,126,,
3,16318,15.93554688,86,39,125,,
3,20198,19.72460938,87,34,121,,
3,24084,23.51953125,67,24,91,,
3,27968,27.3125,70,21,91,,
3,31840,31.09375,73,29,102,,
3,35724,34.88671875,77,28,105,,
3,39604,38.67578125,85,33,118,,
3,43460,42.44140625,61,32,93,,
3,47336,46.2265625,66,25,91,,
3,51222,50.02148438,73,28,101,,
3,55094,53.80273438,90,37,127,,
3,58966,57.58398438,92,40,132,,
3,62850,61.37695313,111,41,152,,
3,66728,65.1640625,101,39,140,,
3,70600,68.9453125,80,27,107,,
3,74476,72.73046875,68,19,87,,
3,78346,76.50976563,77,27,104,,
3,82230,80.30273438,77,25,102,,
3,86098,84.08007813,86,31,117,,
3,89984,87.875,84,29,113,,
3,93868,91.66796875,85,37,122,,
3,97738,95.44726563,105,51,156,,
3,101612,99.23046875,89,38,127,,
3,105492,103.0195313,93,33,126,,
3,109354,106.7910156,113,40,153,,
3,113228,110.5742188,113,40,153,,
3,117098,114.3535156,125,49,174,,
3,120978,118.1425781,122,45,167,,
3,124850,121.9238281,118,49,167,,
3,128718,125.7011719,102,41,143,,
3,132584,129.4765625,85,34,119,,
3,136462,133.2636719,79,33,112,,
3,140334,137.0449219,96,44,140,,
3,144216,140.8359375,120,47,167,,
3,148098,144.6269531,119,49,168,,
3,151972,148.4101563,88,29,117,,
3,155852,152.1992188,97,41,138,,
3,159720,155.9765625,94,55,149,,
3,163586,159.7519531,84,32,116,BAn10m7 (iteration 1),
3,4686,4.576171875,53,20,73,,
3,8572,8.37109375,68,26,94,,
3,12452,12.16015625,72,34,106,,
3,16318,15.93554688,62,24,86,,
3,20194,19.72070313,66,20,86,,
3,24080,23.515625,90,41,131,,
3,27964,27.30859375,102,41,143,,
3,31830,31.08398438,89,37,126,,
3,35700,34.86328125,90,33,123,,
3,39592,38.6640625,101,22,123,,
3,43468,42.44921875,195,17,212,,
3,47332,46.22265625,75,39,114,,
3,51232,50.03125,56,28,84,,
3,55122,53.83007813,72,21,93,,
3,58992,57.609375,83,29,112,,
3,62866,61.39257813,93,29,122,,
3,66750,65.18554688,72,31,103,,
3,70624,68.96875,74,34,108,,
3,74490,72.74414063,145,83,228,,
3,78370,76.53320313,71,27,98,,
3,82254,80.32617188,67,26,93,,
3,86140,84.12109375,79,33,112,,
3,90012,87.90234375,87,56,143,,
3,93884,91.68359375,76,43,119,,
3,97766,95.47460938,95,47,142,,
3,101654,99.27148438,114,40,154,,
3,105534,103.0605469,152,44,196,,
3,109408,106.84375,114,44,158,,
3,113304,110.6484375,97,36,133,,
3,117176,114.4296875,174,37,211,,
3,121062,118.2246094,90,40,130,,
3,124938,122.0097656,76,30,106,,
3,128802,125.7832031,78,32,110,,
3,132684,129.5742188,76,16,92,,
3,136548,133.3476563,105,50,155,,
3,140412,137.1210938,83,46,129,,
3,144282,140.9003906,87,31,118,,
3,148160,144.6875,88,29,117,,
3,152038,148.4746094,96,40,136,,
3,155926,152.2714844,126,27,153,,
3,159802,156.0566406,107,41,148,,
3,163674,159.8378906,73,20,93,BAn10m7 (iteration 2),
3,4690,4.580078125,51,21,72,,
3,8574,8.373046875,63,25,88,,
3,12452,12.16015625,62,26,88,,
3,16316,15.93359375,61,26,87,,
3,20192,19.71875,66,31,97,,
3,24076,23.51171875,105,65,170,,
3,27960,27.3046875,65,27,92,,
3,31830,31.08398438,54,28,82,,
3,35704,34.8671875,59,12,71,,
3,39590,38.66210938,67,27,94,,
3,43458,42.43945313,73,35,108,,
3,47330,46.22070313,76,41,117,,
3,51216,50.015625,65,40,105,,
3,55090,53.79882813,191,33,224,,
3,58974,57.59179688,63,29,92,,
3,62852,61.37890625,67,26,93,,
3,66746,65.18164063,61,25,86,,
3,70624,68.96875,68,22,90,,
3,74496,72.75,80,43,123,,
3,78374,76.53710938,164,25,189,,
3,82244,80.31640625,79,37,116,,
3,86104,84.0859375,85,37,122,,
3,89972,87.86328125,108,37,145,,
3,93844,91.64453125,208,32,240,,
3,97724,95.43359375,70,30,100,,
3,101596,99.21484375,69,28,97,,
3,105466,102.9941406,78,21,99,,
3,109336,106.7734375,88,34,122,,
3,113198,110.5449219,74,27,101,,
3,117086,114.3417969,59,19,78,,
3,120968,118.1328125,85,18,103,,
3,124846,121.9199219,77,23,100,,
3,128710,125.6933594,83,31,114,,
3,132576,129.46875,89,43,132,,
3,136440,133.2421875,70,26,96,,
3,140328,137.0390625,77,33,110,,
3,144200,140.8203125,82,33,115,,
3,148098,144.6269531,83,35,118,,
3,151980,148.4179688,83,31,114,,
3,155852,152.1992188,170,29,199,,112.1785714
3,159724,155.9804688,79,30,109,,
3,163612,159.7773438,91,37,128,BAn10m7 (iteration 3),
3,4688,4.578125,57,26,83,,
3,8574,8.373046875,81,35,116,,
3,12454,12.16210938,79,34,113,,
3,16318,15.93554688,78,36,114,,
3,20198,19.72460938,59,20,79,,
3,24084,23.51953125,71,29,100,,
3,27966,27.31054688,62,27,89,,
3,31838,31.09179688,60,28,88,,
3,35704,34.8671875,64,25,89,,
3,39570,38.64257813,66,29,95,,
3,43446,42.42773438,56,29,85,,
3,47320,46.2109375,63,29,92,,
3,51200,50,80,52,132,,
3,55074,53.78320313,80,48,128,,
3,58950,57.56835938,85,36,121,,
3,62820,61.34765625,79,33,112,,
3,66690,65.12695313,93,37,130,,
3,70560,68.90625,126,56,182,,
3,74440,72.6953125,88,32,120,,
3,78326,76.49023438,85,39,124,,
3,82202,80.27539063,75,46,121,,
3,86086,84.06835938,55,30,85,,
3,89972,87.86328125,68,20,88,,
3,93844,91.64453125,66,26,92,,
3,97716,95.42578125,80,35,115,,
3,101584,99.203125,195,27,222,,
3,105468,102.9960938,70,29,99,,
3,109346,106.7832031,85,27,112,,
3,113218,110.5644531,73,28,101,,
3,117112,114.3671875,59,19,78,,
3,120980,118.1445313,80,40,120,,
3,124862,121.9355469,89,33,122,,
3,128730,125.7128906,77,45,122,,
3,132600,129.4921875,82,31,113,,
3,136468,133.2695313,76,31,107,,
3,140346,137.0566406,75,28,103,,
3,144232,140.8515625,72,33,105,,
3,148108,144.6367188,72,26,98,,
3,151992,148.4296875,77,31,108,,
3,155872,152.21875,80,30,110,,
3,159750,156.0058594,96,33,129,,
3,163614,159.7792969,70,22,92,BAn10m7 (iteration 4),
3,4688,4.578125,55,27,82,,
3,8574,8.373046875,70,28,98,,
3,12452,12.16015625,61,29,90,,
3,16314,15.93164063,47,13,60,,
3,20194,19.72070313,70,35,105,,
3,24078,23.51367188,60,22,82,,
3,27962,27.30664063,57,21,78,,
3,31842,31.09570313,72,25,97,,
3,35726,34.88867188,77,35,112,,
3,39600,38.671875,59,32,91,,
3,43480,42.4609375,79,34,113,,
3,47358,46.24804688,181,34,215,,
3,51240,50.0390625,66,27,93,,
3,55112,53.8203125,61,19,80,,
3,58980,57.59765625,52,19,71,,
3,62850,61.37695313,60,26,86,,
3,66730,65.16601563,60,26,86,,
3,70610,68.95507813,123,79,202,,
3,74498,72.75195313,68,26,94,,
3,78380,76.54296875,61,29,90,,
3,82258,80.33007813,56,18,74,,
3,86134,84.11523438,61,19,80,,
3,90006,87.89648438,88,32,120,,
3,93876,91.67578125,68,28,96,,
3,97748,95.45703125,59,27,86,,
3,101628,99.24609375,103,39,142,,
3,105512,103.0390625,90,32,122,,
3,109378,106.8144531,98,40,138,,
3,113236,110.5820313,98,32,130,,
3,117110,114.3652344,89,31,120,,
3,120984,118.1484375,100,24,124,,
3,124850,121.9238281,82,13,95,,
3,128718,125.7011719,98,35,133,,
3,132602,129.4941406,80,27,107,,
3,136484,133.2851563,86,29,115,,
3,140358,137.0683594,61,28,89,,
3,144224,140.84375,58,31,89,,
3,148098,144.6269531,79,32,111,,
3,151976,148.4140625,87,18,105,,
3,155858,152.2050781,82,49,131,,
3,159744,156,88,35,123,,
3,163618,159.7832031,86,29,115,BAn10m7 (iteration 5),
3,4688,4.578125,58,26,84,,
3,8574,8.373046875,65,25,90,,
3,12454,12.16210938,71,36,107,,
3,16316,15.93359375,63,21,84,,
3,20196,19.72265625,79,21,100,,
3,24078,23.51367188,80,36,116,,
3,27948,27.29296875,72,30,102,,
3,31836,31.08984375,55,32,87,,
3,35720,34.8828125,55,28,83,,
3,39608,38.6796875,66,25,91,,
3,43492,42.47265625,78,36,114,,
3,47352,46.2421875,69,33,102,,
3,51230,50.02929688,54,13,67,,
3,55114,53.82226563,71,34,105,,
3,58980,57.59765625,54,29,83,,
3,62850,61.37695313,64,24,88,,
3,66720,65.15625,77,32,109,,
3,70598,68.94335938,76,35,111,,
3,74480,72.734375,77,26,103,,
3,78342,76.50585938,80,34,114,,
3,82222,80.29492188,291,25,316,,
3,86086,84.06835938,85,19,104,,
3,89952,87.84375,70,28,98,,
3,93828,91.62890625,68,38,106,,
3,97708,95.41796875,80,31,111,,
3,101582,99.20117188,82,31,113,,
3,105450,102.9785156,91,36,127,,
3,109322,106.7597656,88,34,122,,
3,113190,110.5371094,72,22,94,,
3,117066,114.3222656,77,29,106,,
3,120918,118.0839844,93,37,130,,
3,124802,121.8769531,93,36,129,,
3,128674,125.6582031,101,40,141,,
3,132548,129.4414063,109,39,148,,
3,136428,133.2304688,104,38,142,BAn10m5 (iteration 1),
3,4682,4.572265625,62,28,90,,
3,8568,8.3671875,61,28,89,,
3,12448,12.15625,47,12,59,,
3,16312,15.9296875,52,20,72,,
3,20192,19.71875,60,10,70,,
3,24070,23.50585938,75,36,111,,
3,27946,27.29101563,58,36,94,,
3,31818,31.07226563,63,28,91,,
3,35692,34.85546875,57,24,81,,
3,39562,38.63476563,60,23,83,,
3,43434,42.41601563,57,24,81,,
3,47318,46.20898438,61,28,89,,
3,51194,49.99414063,73,27,100,,
3,55072,53.78125,61,36,97,,
3,58956,57.57421875,69,27,96,,
3,62830,61.35742188,58,17,75,,
3,66694,65.13085938,64,19,83,,
3,70578,68.92382813,66,20,86,,
3,74462,72.71679688,59,18,77,,
3,78314,76.47851563,80,29,109,,
3,82186,80.25976563,75,30,105,,
3,86048,84.03125,74,46,120,,
3,89926,87.81835938,94,45,139,,
3,93798,91.59960938,133,45,178,,
3,97676,95.38671875,102,39,141,,
3,101538,99.15820313,103,41,144,,
3,105410,102.9394531,98,30,128,,
3,109286,106.7246094,97,32,129,,
3,113150,110.4980469,88,30,118,,
3,117020,114.2773438,96,40,136,,
3,120912,118.078125,90,29,119,,
3,124794,121.8691406,80,28,108,,
3,128666,125.6503906,83,31,114,,
3,132530,129.4238281,107,36,143,,
3,136406,133.2089844,108,33,141,BAn10m5 (iteration 2),
3,4688,4.578125,85,34,119,,
3,8574,8.373046875,90,36,126,,
3,12454,12.16210938,66,21,87,,
3,16318,15.93554688,81,38,119,,
3,20198,19.72460938,80,34,114,,
3,24068,23.50390625,60,26,86,,
3,27942,27.28710938,54,33,87,,
3,31808,31.0625,52,16,68,,
3,35670,34.83398438,63,37,100,,
3,39554,38.62695313,67,36,103,,
3,43432,42.4140625,73,33,106,,
3,47302,46.19335938,64,23,87,,
3,51176,49.9765625,93,38,131,,
3,55046,53.75585938,72,32,104,,
3,58902,57.52148438,82,41,123,,
3,62778,61.30664063,65,25,90,,
3,66646,65.08398438,77,34,111,,
3,70530,68.87695313,72,34,106,,
3,74396,72.65234375,61,21,82,,
3,78272,76.4375,78,28,106,,
3,82140,80.21484375,76,31,107,,
3,86030,84.01367188,67,24,91,,
3,89912,87.8046875,62,19,81,,
3,93804,91.60546875,77,28,105,,
3,97680,95.390625,80,45,125,,
3,101552,99.171875,79,45,124,,
3,105432,102.9609375,91,37,128,,
3,109316,106.7539063,74,18,92,,
3,113202,110.5488281,87,38,125,,
3,117058,114.3144531,73,27,100,,
3,120924,118.0898438,81,27,108,,
3,124802,121.8769531,81,29,110,,
3,128682,125.6660156,71,27,98,,
3,132570,129.4628906,59,31,90,,
3,136446,133.2480469,82,19,101,BAn10m5 (iteration 3),
3,4686,4.576171875,62,29,91,,
3,8572,8.37109375,63,29,92,,
3,12452,12.16015625,53,20,73,,
3,16318,15.93554688,66,26,92,,
3,20198,19.72460938,98,38,136,,
3,24078,23.51367188,84,34,118,,
3,27962,27.30664063,65,24,89,,
3,31820,31.07421875,66,28,94,,
3,35702,34.86523438,62,36,98,,
3,39588,38.66015625,61,25,86,,
3,43460,42.44140625,75,51,126,,
3,47336,46.2265625,73,36,109,,
3,51222,50.02148438,68,27,95,,
3,55088,53.796875,60,24,84,,
3,58952,57.5703125,79,40,119,,
3,62818,61.34570313,58,21,79,,
3,66686,65.12304688,67,27,94,,
3,70556,68.90234375,73,27,100,,
3,74436,72.69140625,65,25,90,,
3,78310,76.47460938,58,19,77,,
3,82184,80.2578125,67,25,92,,
3,86048,84.03125,59,32,91,,
3,89924,87.81640625,63,19,82,,
3,93808,91.609375,70,29,99,,
3,97694,95.40429688,71,29,100,,
3,101586,99.20507813,76,46,122,,
3,105446,102.9746094,67,12,79,,
3,109330,106.7675781,70,41,111,,
3,113216,110.5625,75,31,106,,
3,117102,114.3574219,72,29,101,,
3,120980,118.1445313,79,37,116,,
3,124852,121.9257813,81,33,114,,
3,128730,125.7128906,74,25,99,,
3,132608,129.5,94,38,132,,
3,136490,133.2910156,92,40,132,BAn10m5 (iteration 4),
3,4686,4.576171875,54,26,80,,
3,8572,8.37109375,68,27,95,,
3,12446,12.15429688,67,25,92,,
3,16312,15.9296875,64,26,90,,
3,20192,19.71875,64,32,96,,
3,24070,23.50585938,58,24,82,,
3,27946,27.29101563,50,29,79,,
3,31820,31.07421875,55,24,79,,
3,35692,34.85546875,59,25,84,,
3,39564,38.63671875,56,19,75,,
3,43438,42.41992188,59,26,85,,
3,47322,46.21289063,57,25,82,,
3,51200,50,55,22,77,,
3,55084,53.79296875,60,33,93,,
3,58952,57.5703125,61,31,92,,
3,62826,61.35351563,69,11,80,,
3,66700,65.13671875,65,25,90,,
3,70586,68.93164063,65,32,97,,
3,74468,72.72265625,65,19,84,,
3,78344,76.5078125,75,28,103,,
3,82212,80.28515625,68,29,97,,
3,86092,84.07421875,54,22,76,,
3,89956,87.84765625,73,29,102,,
3,93836,91.63671875,79,32,111,,
3,97704,95.4140625,57,30,87,,
3,101582,99.20117188,67,26,93,,
3,105458,102.9863281,63,24,87,,
3,109334,106.7714844,87,42,129,,
3,113222,110.5683594,81,34,115,,
3,117084,114.3398438,71,29,100,,
3,120960,118.125,81,19,100,,
3,124828,121.9023438,75,28,103,,
3,128704,125.6875,77,32,109,,
3,132580,129.4726563,88,37,125,,
3,136448,133.25,84,34,118,BAn10m5 (iteration 5),
6,10262,10.02148438,115,70,185,,
6,19728,19.265625,102,57,159,,
6,29222,28.53710938,95,71,166,,
6,38698,37.79101563,102,58,160,,
6,48176,47.046875,93,66,159,,
6,57666,56.31445313,94,53,147,,
6,67144,65.5703125,85,44,129,,
6,76628,74.83203125,98,54,152,,
6,86104,84.0859375,95,48,143,,
6,95578,93.33789063,99,55,154,,
6,105062,102.5996094,113,62,175,,
6,114538,111.8535156,141,83,224,,
6,124028,121.1210938,169,112,281,,
6,133498,130.3691406,149,85,234,,
6,142982,139.6308594,160,107,267,,
6,152462,148.8886719,122,70,192,,
6,161936,158.140625,111,62,173,BAn10m2 (iteration 1),
6,10264,10.0234375,94,44,138,,
6,19734,19.27148438,89,49,138,,
6,29204,28.51953125,93,51,144,,
6,38682,37.77539063,108,61,169,,
6,48158,47.02929688,101,42,143,,
6,57624,56.2734375,103,59,162,,
6,67104,65.53125,105,57,162,,
6,76590,74.79492188,115,64,179,,
6,86072,84.0546875,109,62,171,,
6,95552,93.3125,113,65,178,,
6,105054,102.5917969,119,65,184,,
6,114542,111.8574219,131,78,209,,
6,124028,121.1210938,119,68,187,,
6,133506,130.3769531,110,60,170,,
6,142978,139.6269531,127,69,196,,
6,152468,148.8945313,122,67,189,,
6,161946,158.1503906,111,64,175,BAn10m2 (iteration 2),
6,10256,10.015625,113,71,184,,
6,19726,19.26367188,135,81,216,,
6,29180,28.49609375,112,65,177,,
6,38660,37.75390625,109,64,173,,
6,48154,47.02539063,82,42,124,,
6,57632,56.28125,95,57,152,,114.4
6,67110,65.53710938,93,41,134,,
6,76598,74.80273438,99,65,164,,
6,86074,84.05664063,109,64,173,,
6,95552,93.3125,123,74,197,,
6,105026,102.5644531,103,61,164,,
6,114508,111.8242188,138,84,222,,
6,123972,121.0664063,144,91,235,,
6,133422,130.2949219,125,76,201,,
6,142898,139.5488281,142,86,228,,
6,152376,148.8046875,116,67,183,,
6,161862,158.0683594,121,70,191,BAn10m2 (iteration 3),
6,10264,10.0234375,92,59,151,,
6,19734,19.27148438,95,56,151,,
6,29226,28.54101563,92,68,160,,
6,38704,37.796875,91,50,141,,
6,48180,47.05078125,98,63,161,,
6,57650,56.29882813,99,56,155,,
6,67122,65.54882813,99,51,150,,
6,76610,74.81445313,101,54,155,,
6,86076,84.05859375,101,52,153,,
6,95548,93.30859375,101,57,158,,
6,105032,102.5703125,98,53,151,,
6,114508,111.8242188,126,69,195,,
6,123976,121.0703125,143,87,230,,
6,133450,130.3222656,128,63,191,,
6,142936,139.5859375,102,70,172,,
6,152418,148.8457031,130,86,216,,
6,161902,158.1074219,140,89,229,BAn10m2 (iteration 4),
6,10264,10.0234375,89,56,145,,
6,19734,19.27148438,101,62,163,,
6,29212,28.52734375,101,76,177,,
6,38688,37.78125,94,46,140,,
6,48180,47.05078125,100,58,158,,
6,57654,56.30273438,116,65,181,,
6,67130,65.55664063,89,60,149,,
6,76616,74.8203125,88,50,138,,
6,86080,84.0625,84,46,130,,
6,95560,93.3203125,116,74,190,,
6,105046,102.5839844,142,81,223,,
6,114530,111.8457031,118,69,187,,
6,124002,121.0957031,112,68,180,,
6,133466,130.3378906,107,60,167,,
6,142950,139.5996094,107,74,181,,
6,152428,148.8554688,111,78,189,,
6,161890,158.0957031,119,70,189,BAn10m2 (iteration 5),
6,10260,10.01953125,83,52,135,,
6,19730,19.26757813,89,54,143,,
6,29210,28.52539063,96,60,156,,
6,38694,37.78710938,100,59,159,,
6,48166,47.03710938,90,52,142,,
6,57654,56.30273438,100,68,168,,
6,67126,65.55273438,113,40,153,,
6,76604,74.80859375,109,62,171,,
6,86082,84.06445313,119,70,189,,
6,95560,93.3203125,124,67,191,,
6,105040,102.578125,117,69,186,,
6,114520,111.8359375,110,62,172,,
6,123992,121.0859375,112,64,176,,
6,133462,130.3339844,151,91,242,,
6,142944,139.59375,146,84,230,,
6,152422,148.8496094,136,71,207,,
6,161896,158.1015625,133,75,208,,
6,171372,167.3554688,119,65,184,,
6,180858,176.6191406,120,69,189,,
6,190318,185.8574219,122,68,190,,
6,199786,195.1035156,120,61,181,,
6,209258,204.3535156,124,67,191,,
6,218742,213.6152344,118,50,168,,
6,228204,222.8554688,116,61,177,BAn10m3 (iteration 1),
6,10262,10.02148438,87,55,142,,
6,19730,19.26757813,94,58,152,,
6,29212,28.52734375,94,57,151,,
6,38690,37.78320313,109,75,184,,
6,48168,47.0390625,151,92,243,,
6,57644,56.29296875,121,70,191,,
6,67118,65.54492188,114,51,165,,
6,76586,74.79101563,128,83,211,,
6,86058,84.04101563,103,59,162,,
6,95532,93.29296875,94,48,142,,
6,105002,102.5410156,121,69,190,,
6,114468,111.7851563,111,60,171,,
6,123948,121.0429688,111,68,179,,
6,133440,130.3125,99,67,166,,
6,142920,139.5703125,105,63,168,,
6,152392,148.8203125,110,67,177,,
6,161874,158.0800781,134,82,216,,
6,171354,167.3378906,136,65,201,,
6,180826,176.5878906,114,57,171,,
6,190310,185.8496094,139,79,218,,
6,199786,195.1035156,103,50,153,,
6,209274,204.3691406,120,65,185,,
6,218744,213.6171875,113,72,185,,
6,228222,222.8730469,120,71,191,BAn10m3 (iteration 2),
6,10264,10.0234375,105,74,179,,
6,19734,19.27148438,105,62,167,,
6,29216,28.53125,106,63,169,,
6,38692,37.78515625,97,69,166,,
6,48166,47.03710938,115,70,185,,
6,57664,56.3125,124,75,199,,
6,67124,65.55078125,110,58,168,,
6,76620,74.82421875,124,68,192,,
6,86086,84.06835938,100,53,153,,
6,95574,93.33398438,112,72,184,,
6,105046,102.5839844,103,50,153,,
6,114522,111.8378906,124,71,195,,
6,124010,121.1035156,96,49,145,,
6,133480,130.3515625,108,55,163,,
6,142962,139.6113281,95,47,142,,
6,152436,148.8632813,118,62,180,,
6,161918,158.1230469,133,74,207,,
6,171390,167.3730469,133,75,208,,
6,180872,176.6328125,139,89,228,,
6,190356,185.8945313,145,80,225,,
6,199828,195.1445313,191,110,301,,
6,209304,204.3984375,179,100,279,,
6,218788,213.6601563,211,131,342,,
6,228266,222.9160156,148,80,228,BAn10m3 (iteration 3),
6,10260,10.01953125,119,58,177,,
6,19728,19.265625,92,55,147,,
6,29210,28.52539063,108,74,182,,
6,38678,37.77148438,135,75,210,,
6,48164,47.03515625,80,45,125,,
6,57632,56.28125,83,58,141,,
6,67102,65.52929688,144,84,228,,
6,76580,74.78515625,123,66,189,,
6,86058,84.04101563,94,65,159,,
6,95536,93.296875,101,56,157,,
6,105014,102.5527344,113,64,177,,
6,114480,111.796875,114,65,179,,
6,123954,121.0488281,108,61,169,,
6,133424,130.296875,105,58,163,,
6,142908,139.5585938,117,70,187,,
6,152382,148.8105469,135,71,206,,
6,161862,158.0683594,158,93,251,,
6,171338,167.3222656,165,85,250,,
6,180818,176.5800781,131,71,202,,
6,190300,185.8398438,111,62,173,,
6,199770,195.0878906,124,64,188,,
6,209266,204.3613281,127,68,195,,
6,218734,213.6074219,124,70,194,,
6,228208,222.859375,109,63,172,BAn10m3 (iteration 4),
6,10262,10.02148438,92,60,152,,
6,19732,19.26953125,95,58,153,,
6,29210,28.52539063,93,56,149,,
6,38690,37.78320313,92,64,156,,
6,48170,47.04101563,98,63,161,,
6,57648,56.296875,104,65,169,,
6,67128,65.5546875,90,53,143,,
6,76600,74.8046875,84,56,140,,
6,86076,84.05859375,111,67,178,,
6,95572,93.33203125,105,55,160,,
6,105050,102.5878906,138,82,220,,
6,114530,111.8457031,119,70,189,,
6,124014,121.1074219,143,83,226,,
6,133484,130.3554688,135,81,216,,
6,142964,139.6132813,141,80,221,,
6,152434,148.8613281,116,62,178,,
6,161906,158.1113281,118,59,177,,
6,171392,167.375,108,61,169,,
6,180860,176.6210938,109,60,169,,
6,190336,185.875,118,59,177,,
6,199822,195.1386719,117,68,185,,
6,209292,204.3867188,134,70,204,,
6,218760,213.6328125,123,68,191,,
6,228232,222.8828125,119,67,186,BAn10m3 (iteration 5),
6,10264,10.0234375,164,86,250,,
6,19732,19.26953125,176,85,261,,
6,29210,28.52539063,144,84,228,,
6,38690,37.78320313,116,67,183,,
6,48166,47.03710938,114,66,180,,
6,57650,56.29882813,115,62,177,,
6,67122,65.54882813,125,71,196,,
6,76592,74.796875,131,70,201,,
6,86060,84.04296875,130,64,194,,
6,95546,93.30664063,119,61,180,,
6,105020,102.5585938,158,81,239,,
6,114488,111.8046875,126,65,191,,
6,123980,121.0742188,125,61,186,,
6,133466,130.3378906,125,66,191,,
6,142948,139.5976563,134,66,200,,
6,152414,148.8417969,168,76,244,,
6,161886,158.0917969,116,63,179,,
6,171376,167.359375,142,78,220,,
6,180864,176.625,158,87,245,,
6,190338,185.8769531,178,97,275,,
6,199820,195.1367188,158,83,241,,
6,209300,204.3945313,179,97,276,,
6,218776,213.6484375,137,70,207,,
6,228258,222.9082031,132,72,204,,
6,237734,232.1621094,139,71,210,,
6,247226,241.4316406,178,77,255,,
6,256714,250.6972656,194,89,283,,
6,266184,259.9453125,169,79,248,,
6,275664,269.203125,175,78,253,,
6,285152,278.46875,142,73,215,,
6,294624,287.71875,150,65,215,,
6,304108,296.9804688,150,65,215,,
6,313588,306.2382813,167,85,252,,
6,323068,315.4960938,151,73,224,,
6,332548,324.7539063,152,74,226,BAn10m5 (iteration 1),
6,10260,10.01953125,108,69,177,,
6,19730,19.26757813,103,63,166,,
6,29210,28.52539063,105,60,165,,
6,38690,37.78320313,112,71,183,,
6,48164,47.03515625,120,73,193,,
6,57636,56.28515625,118,64,182,,
6,67122,65.54882813,141,64,205,,
6,76598,74.80273438,151,86,237,,
6,86064,84.046875,123,58,181,,
6,95530,93.29101563,136,87,223,,
6,105002,102.5410156,126,74,200,,
6,114462,111.7792969,223,60,283,,
6,123948,121.0429688,142,69,211,,
6,133434,130.3066406,140,68,208,,
6,142916,139.5664063,153,67,220,,
6,152402,148.8300781,112,61,173,,
6,161886,158.0917969,131,77,208,,
6,171370,167.3535156,119,61,180,,
6,180842,176.6035156,127,61,188,,
6,190324,185.8632813,132,70,202,,
6,199802,195.1191406,140,68,208,,
6,209276,204.3710938,138,76,214,,
6,218758,213.6308594,122,65,187,,
6,228244,222.8945313,234,73,307,,
6,237724,232.1523438,161,88,249,,
6,247200,241.40625,184,103,287,,
6,256672,250.65625,165,78,243,,
6,266154,259.9160156,151,83,234,,
6,275620,269.1601563,148,75,223,,
6,285096,278.4140625,140,66,206,,
6,294568,287.6640625,145,65,210,,
6,304040,296.9140625,137,67,204,,
6,313526,306.1777344,134,67,201,,
6,323012,315.4414063,144,63,207,,
6,332492,324.6992188,150,76,226,BAn10m5 (iteration 2),
6,10264,10.0234375,116,68,184,,
6,19732,19.26953125,108,64,172,,
6,29212,28.52734375,118,71,189,,
6,38692,37.78515625,226,169,395,,
6,48166,47.03710938,113,68,181,,
6,57636,56.28515625,119,69,188,,
6,67106,65.53320313,109,61,170,,
6,76580,74.78515625,141,89,230,,
6,86058,84.04101563,148,91,239,,
6,95528,93.2890625,153,90,243,,
6,104994,102.5332031,121,65,186,,
6,114472,111.7890625,140,90,230,,
6,123956,121.0507813,117,70,187,,
6,133418,130.2910156,114,60,174,,
6,142886,139.5371094,116,65,181,,
6,152358,148.7871094,125,59,184,,
6,161842,158.0488281,111,62,173,,
6,171310,167.2949219,141,90,231,,
6,180792,176.5546875,127,64,191,,
6,190270,185.8105469,225,168,393,,
6,199734,195.0527344,223,69,292,,
6,209210,204.3066406,140,73,213,,
6,218686,213.5605469,124,67,191,,
6,228178,222.8300781,141,78,219,,
6,237660,232.0898438,122,64,186,,
6,247138,241.3457031,238,65,303,,
6,256616,250.6015625,136,70,206,,
6,266104,259.8671875,150,77,227,,
6,275582,269.1230469,131,66,197,,
6,285056,278.375,128,65,193,,
6,294532,287.6289063,139,64,203,,
6,304014,296.8886719,238,68,306,,
6,313498,306.1503906,178,90,268,,
6,322988,315.4179688,136,69,205,,
6,332464,324.671875,138,67,205,BAn10m5 (iteration 3),
6,10262,10.02148438,93,57,150,,
6,19732,19.26953125,103,58,161,,
6,29212,28.52734375,103,63,166,,
6,38690,37.78320313,110,61,171,,
6,48164,47.03515625,140,92,232,,
6,57632,56.28125,107,61,168,,
6,67114,65.54101563,101,62,163,,
6,76592,74.796875,103,59,162,,
6,86056,84.0390625,105,58,163,,
6,95538,93.29882813,107,60,167,,
6,105014,102.5527344,125,75,200,,
6,114492,111.8085938,122,70,192,,
6,123964,121.0585938,135,77,212,,
6,133420,130.2929688,119,62,181,,
6,142900,139.5507813,125,70,195,,
6,152376,148.8046875,128,69,197,,
6,161858,158.0644531,116,62,178,,
6,171328,167.3125,114,68,182,,
6,180806,176.5683594,120,70,190,,
6,190280,185.8203125,125,67,192,,
6,199762,195.0800781,127,68,195,,
6,209246,204.3417969,129,73,202,,
6,218720,213.59375,115,63,178,,
6,228196,222.8476563,124,69,193,,
6,237670,232.0996094,148,75,223,,
6,247150,241.3574219,138,77,215,,
6,256628,250.6132813,118,60,178,,
6,266100,259.8632813,131,63,194,,
6,275582,269.1230469,148,80,228,,
6,285064,278.3828125,132,64,196,,
6,294536,287.6328125,141,78,219,,
6,304020,296.8945313,145,78,223,,
6,313492,306.1445313,157,69,226,,
6,322974,315.4042969,135,70,205,,
6,332444,324.6523438,188,95,283,BAn10m5 (iteration 4),
6,10262,10.02148438,106,63,169,,
6,19732,19.26953125,108,60,168,,
6,29214,28.52929688,155,100,255,,
6,38694,37.78710938,110,59,169,,
6,48170,47.04101563,127,76,203,,
6,57628,56.27734375,120,67,187,,
6,67120,65.546875,106,64,170,,
6,76600,74.8046875,195,115,310,,
6,86060,84.04296875,128,75,203,,
6,95542,93.30273438,126,75,201,,
6,105030,102.5683594,135,74,209,,
6,114486,111.8027344,132,79,211,,
6,123966,121.0605469,115,63,178,,
6,133438,130.3105469,116,60,176,,
6,142908,139.5585938,115,64,179,,
6,152390,148.8183594,129,75,204,,
6,161870,158.0761719,146,87,233,,
6,171348,167.3320313,151,88,239,,
6,180828,176.5898438,137,78,215,,
6,190302,185.8417969,131,66,197,,
6,199772,195.0898438,118,64,182,,
6,209242,204.3378906,125,70,195,,
6,218722,213.5957031,124,69,193,,
6,228202,222.8535156,155,78,233,,
6,237670,232.0996094,134,66,200,,
6,247152,241.359375,137,63,200,,
6,256622,250.6074219,143,70,213,,
6,266110,259.8730469,168,90,258,,
6,275594,269.1347656,146,69,215,,
6,285070,278.3886719,148,62,210,,
6,294556,287.6523438,160,70,230,,
6,304020,296.8945313,146,65,211,,
6,313502,306.1542969,154,67,221,,
6,322968,315.3984375,160,74,234,,
6,332442,324.6503906,191,86,277,BAn10m5 (iteration 5),
6,10260,10.01953125,1087,849,1936,,
6,19724,19.26171875,1096,817,1913,,
6,29206,28.52148438,1098,842,1940,,
6,38686,37.77929688,1293,983,2276,,
6,48162,47.03320313,1101,801,1902,,
6,57634,56.28320313,1167,898,2065,,
6,67114,65.54101563,987,721,1708,,
6,76608,74.8125,364,107,471,,
6,86090,84.07226563,169,82,251,,
6,95562,93.32226563,167,97,264,,
6,105058,102.5957031,166,87,253,,
6,114526,111.8417969,181,102,283,,
6,124000,121.09375,171,94,265,,
6,133480,130.3515625,378,112,490,,
6,142964,139.6132813,166,82,248,,
6,152440,148.8671875,150,96,246,,
6,161910,158.1152344,148,88,236,,
6,171402,167.3847656,147,79,226,,
6,180882,176.6425781,317,86,403,,
6,190376,185.9140625,166,82,248,,
6,199852,195.1679688,153,88,241,,
6,209324,204.4179688,172,91,263,,
6,218790,213.6621094,273,66,339,,
6,228254,222.9042969,186,89,275,,
6,237734,232.1621094,153,69,222,,
6,247214,241.4199219,319,83,402,,
6,256692,250.6757813,185,79,264,,
6,266170,259.9316406,377,93,470,,
6,275644,269.1835938,776,60,836,,
6,285124,278.4414063,232,104,336,,
6,294598,287.6933594,259,97,356,,
6,304080,296.953125,188,75,263,,
6,313564,306.2148438,262,124,386,,
6,323032,315.4609375,224,106,330,,
6,332528,324.734375,184,100,284,,
6,342004,333.9882813,835,92,927,,
6,351492,343.2539063,298,128,426,,
6,360958,352.4980469,253,102,355,,
6,370442,361.7597656,259,141,400,,
6,379926,371.0214844,214,97,311,,
6,389400,380.2734375,187,78,265,,
6,398888,389.5390625,217,118,335,BAn10m7 (iteration 1),
6,10258,10.01757813,151,91,242,,
6,19728,19.265625,160,86,246,,243.1354167
6,29208,28.5234375,105,50,155,,
6,38688,37.78125,125,62,187,,
6,48164,47.03515625,109,64,173,,
6,57640,56.2890625,158,96,254,,
6,67120,65.546875,141,76,217,,
6,76608,74.8125,105,50,155,,
6,86078,84.06054688,140,68,208,,
6,95550,93.31054688,106,53,159,,
6,105028,102.5664063,144,75,219,,
6,114504,111.8203125,121,72,193,,
6,123980,121.0742188,118,63,181,,
6,133458,130.3300781,119,54,173,,
6,142930,139.5800781,132,72,204,,
6,152394,148.8222656,137,64,201,,
6,161874,158.0800781,123,70,193,,
6,171374,167.3574219,123,66,189,,
6,180858,176.6191406,135,69,204,,
6,190344,185.8828125,125,50,175,,
6,199820,195.1367188,116,60,176,,
6,209306,204.4003906,146,70,216,,
6,218794,213.6660156,158,68,226,,
6,228276,222.9257813,132,71,203,,
6,237758,232.1855469,138,75,213,,
6,247216,241.421875,157,63,220,,
6,256690,250.6738281,133,62,195,,
6,266160,259.921875,187,80,267,,
6,275632,269.171875,143,69,212,,
6,285116,278.4335938,141,73,214,,
6,294588,287.6835938,131,67,198,,
6,304064,296.9375,154,86,240,,
6,313538,306.1894531,179,93,272,,
6,323010,315.4394531,187,112,299,,
6,332484,324.6914063,269,157,426,,
6,341950,333.9355469,229,110,339,,
6,351430,343.1933594,172,67,239,,
6,360900,352.4414063,156,72,228,,
6,370374,361.6933594,142,58,200,,
6,379862,370.9589844,160,78,238,,
6,389348,380.2226563,162,78,240,,
6,398820,389.4726563,143,58,201,BAn10m7 (iteration 2),
6,10260,10.01953125,96,44,140,,
6,19724,19.26171875,114,66,180,,
6,29206,28.52148438,112,64,176,,
6,38686,37.77929688,97,57,154,,
6,48162,47.03320313,133,75,208,,
6,57636,56.28515625,137,77,214,,
6,67112,65.5390625,130,74,204,,
6,76578,74.78320313,100,53,153,,
6,86054,84.03710938,205,58,263,,
6,95530,93.29101563,89,48,137,,
6,105004,102.5429688,114,80,194,,
6,114490,111.8066406,115,63,178,,
6,123976,121.0703125,111,62,173,,
6,133446,130.3183594,121,71,192,,
6,142926,139.5761719,126,72,198,,
6,152394,148.8222656,148,71,219,,
6,161874,158.0800781,115,51,166,,
6,171346,167.3300781,117,48,165,,
6,180816,176.578125,160,72,232,,
6,190294,185.8339844,125,63,188,,
6,199778,195.0957031,121,63,184,,
6,209274,204.3691406,124,62,186,,
6,218738,213.6113281,137,68,205,,
6,228220,222.8710938,125,70,195,,
6,237690,232.1191406,143,75,218,,
6,247156,241.3632813,132,61,193,,
6,256632,250.6171875,136,55,191,,
6,266124,259.8867188,133,59,192,,
6,275618,269.1582031,130,65,195,,
6,285088,278.40625,232,50,282,,
6,294546,287.6425781,135,77,212,,
6,304026,296.9003906,140,74,214,,
6,313498,306.1503906,140,66,206,,
6,322974,315.4042969,136,51,187,,
6,332448,324.65625,143,72,215,,
6,341922,333.9082031,189,104,293,,
6,351416,343.1796875,181,68,249,,
6,360884,352.4257813,182,71,253,,
6,370366,361.6855469,224,89,313,,
6,379830,370.9277344,356,91,447,,
6,389300,380.1757813,134,61,195,,
6,398794,389.4472656,141,66,207,BAn10m7 (iteration 3),
6,10262,10.02148438,101,64,165,,
6,19730,19.26757813,128,83,211,,
6,29208,28.5234375,122,72,194,,
6,38686,37.77929688,123,74,197,,
6,48162,47.03320313,191,52,243,,
6,57638,56.28710938,100,54,154,,
6,67116,65.54296875,111,62,173,,
6,76596,74.80078125,97,54,151,,
6,86070,84.05273438,109,46,155,,
6,95550,93.31054688,100,44,144,,
6,105022,102.5605469,115,69,184,,
6,114492,111.8085938,98,50,148,,
6,123976,121.0703125,118,66,184,,
6,133454,130.3261719,201,149,350,,
6,142932,139.5820313,95,48,143,,
6,152410,148.8378906,107,57,164,,
6,161892,158.0976563,112,61,173,,
6,171368,167.3515625,116,67,183,,
6,180836,176.5976563,115,79,194,,
6,190308,185.8476563,128,73,201,,
6,199784,195.1015625,130,88,218,,
6,209264,204.359375,126,55,181,,
6,218746,213.6191406,129,68,197,,
6,228220,222.8710938,125,67,192,,
6,237700,232.1289063,133,72,205,,
6,247182,241.3886719,152,67,219,,
6,256670,250.6542969,151,78,229,,
6,266152,259.9140625,135,69,204,,
6,275624,269.1640625,145,80,225,,
6,285096,278.4140625,125,56,181,,
6,294560,287.65625,138,69,207,,
6,304028,296.9023438,134,50,184,,
6,313504,306.15625,208,106,314,,
6,322982,315.4121094,166,71,237,,
6,332468,324.6757813,157,68,225,,
6,341942,333.9277344,138,67,205,,
6,351416,343.1796875,138,76,214,,
6,360874,352.4160156,202,117,319,,
6,370336,361.65625,190,93,283,,
6,379802,370.9003906,177,88,265,,
6,389268,380.1445313,149,63,212,,
6,398734,389.3886719,145,69,214,BAn10m7 (iteration 4),
6,10262,10.02148438,92,56,148,,
6,19730,19.26757813,101,60,161,,
6,29212,28.52734375,99,59,158,,
6,38688,37.78125,107,59,166,,
6,48164,47.03515625,102,57,159,,
6,57638,56.28710938,100,59,159,,
6,67118,65.54492188,106,60,166,,
6,76586,74.79101563,113,79,192,,
6,86052,84.03515625,104,56,160,,
6,95528,93.2890625,102,60,162,,
6,105012,102.5507813,104,71,175,,
6,114494,111.8105469,107,77,184,,
6,123968,121.0625,115,59,174,,
6,133454,130.3261719,108,56,164,,
6,142930,139.5800781,120,67,187,,
6,152410,148.8378906,111,56,167,,
6,161874,158.0800781,136,82,218,,
6,171352,167.3359375,158,78,236,,
6,180842,176.6035156,109,63,172,,
6,190314,185.8535156,110,59,169,,
6,199802,195.1191406,119,70,189,,
6,209276,204.3710938,115,50,165,,
6,218766,213.6386719,142,74,216,,
6,228236,222.8867188,118,64,182,,
6,237720,232.1484375,121,68,189,,
6,247182,241.3886719,130,68,198,,
6,256668,250.6523438,127,65,192,,
6,266148,259.9101563,139,79,218,,
6,275628,269.1679688,168,71,239,,
6,285112,278.4296875,194,87,281,,
6,294584,287.6796875,180,89,269,,
6,304054,296.9277344,147,67,214,,
6,313538,306.1894531,153,67,220,,
6,323024,315.453125,136,78,214,,
6,332502,324.7089844,136,76,212,,
6,341980,333.9648438,160,86,246,,
6,351450,343.2128906,177,77,254,,
6,360938,352.4785156,171,73,244,,
6,370412,361.7304688,127,63,190,,
6,379886,370.9824219,159,77,236,,
6,389362,380.2363281,160,95,255,,
6,398836,389.4882813,138,65,203,BAn10m7 (iteration 5),
10,15158,14.80273438,127,90,217,,
10,29532,28.83984375,134,91,225,,
10,43904,42.875,128,78,206,,
10,58296,56.9296875,151,100,251,,
10,72668,70.96484375,175,130,305,,
10,87034,84.99414063,184,121,305,,
10,101412,99.03515625,176,119,295,,
10,115794,113.0800781,174,110,284,,
10,130166,127.1152344,153,100,253,,
10,144536,141.1484375,140,93,233,,
10,158916,155.1914063,137,75,212,,
10,173294,169.2324219,138,81,219,,
10,187672,183.2734375,181,128,309,,
10,202044,197.3085938,158,102,260,,
10,216426,211.3535156,150,94,244,,
10,230812,225.4023438,171,109,280,,
10,245188,239.4414063,167,100,267,BAn10m2 (iteration 1),
10,15156,14.80078125,118,69,187,,
10,29532,28.83984375,126,87,213,,
10,43910,42.88085938,139,109,248,,
10,58278,56.91210938,123,85,208,,
10,72644,70.94140625,116,86,202,,
10,87020,84.98046875,127,81,208,,
10,101390,99.01367188,128,85,213,,
10,115770,113.0566406,155,108,263,,
10,130170,127.1191406,147,96,243,,
10,144540,141.1523438,130,85,215,,
10,158918,155.1933594,125,80,205,,
10,173290,169.2285156,146,98,244,,
10,187670,183.2714844,155,97,252,,
10,202026,197.2910156,145,92,237,,
10,216406,211.3339844,168,114,282,,
10,230788,225.3789063,154,95,249,,
10,245150,239.4042969,157,101,258,BAn10m2 (iteration 2),
10,15158,14.80273438,118,71,189,,
10,29532,28.83984375,131,90,221,,
10,43910,42.88085938,154,101,255,,
10,58272,56.90625,153,103,256,,
10,72658,70.95507813,141,105,246,,
10,87036,84.99609375,145,95,240,,
10,101428,99.05078125,160,108,268,,
10,115814,113.0996094,143,83,226,,
10,130196,127.1445313,138,88,226,,
10,144580,141.1914063,135,69,204,,
10,158944,155.21875,158,99,257,,
10,173326,169.2636719,133,96,229,,
10,187700,183.3007813,136,86,222,,
10,202078,197.3417969,149,95,244,,
10,216456,211.3828125,148,91,239,,
10,230814,225.4042969,141,88,229,,
10,245192,239.4453125,156,87,243,BAn10m2 (iteration 3),
10,15156,14.80078125,146,104,250,,
10,29530,28.83789063,129,89,218,,
10,43908,42.87890625,115,70,185,,
10,58288,56.921875,191,151,342,,
10,72656,70.953125,138,81,219,,
10,87036,84.99609375,124,82,206,,
10,101414,99.03710938,127,84,211,,
10,115798,113.0839844,152,88,240,,
10,130178,127.1269531,126,78,204,,
10,144564,141.1757813,156,104,260,,
10,158932,155.2070313,140,88,228,,
10,173306,169.2441406,145,93,238,,
10,187680,183.28125,163,118,281,,
10,202050,197.3144531,136,82,218,,
10,216420,211.3476563,148,88,236,,
10,230814,225.4042969,166,95,261,,
10,245194,239.4472656,138,85,223,BAn10m2 (iteration 4),
10,15160,14.8046875,110,79,189,,
10,29536,28.84375,122,68,190,,
10,43912,42.8828125,119,93,212,,
10,58286,56.91992188,123,85,208,,
10,72670,70.96679688,121,92,213,,
10,87066,85.02539063,141,100,241,,
10,101442,99.06445313,135,90,225,,
10,115820,113.1054688,130,85,215,,
10,130190,127.1386719,133,85,218,,
10,144568,141.1796875,162,110,272,,
10,158938,155.2128906,165,109,274,,
10,173316,169.2539063,168,106,274,,
10,187686,183.2871094,169,113,282,,
10,202058,197.3222656,158,107,265,,
10,216450,211.3769531,165,105,270,,
10,230814,225.4042969,148,88,236,,
10,245192,239.4453125,168,98,266,BAn10m2 (iteration 5),
10,15156,14.80078125,110,76,186,,
10,29532,28.83984375,130,86,216,,
10,43904,42.875,128,83,211,,
10,58284,56.91796875,130,104,234,,
10,72656,70.953125,136,92,228,,
10,87742,85.68554688,183,127,310,,
10,102136,99.7421875,142,97,239,,
10,116508,113.7773438,144,93,237,,
10,130894,127.8261719,128,91,219,,
10,145290,141.8847656,150,83,233,,
10,159674,155.9316406,148,92,240,,
10,174048,169.96875,145,87,232,,
10,188432,184.015625,140,99,239,,
10,202824,198.0703125,144,84,228,,
10,217206,212.1152344,163,101,264,,
10,231584,226.15625,146,89,235,,
10,245972,240.2070313,170,102,272,,
10,260342,254.2402344,147,91,238,,
10,274712,268.2734375,157,77,234,,
10,289096,282.3203125,153,92,245,,
10,303470,296.3574219,173,105,278,,
10,317852,310.4023438,155,89,244,,
10,332230,324.4433594,182,114,296,,
10,346604,338.4804688,192,111,303,BAn10m3 (iteration 1),
10,15156,14.80078125,123,86,209,,
10,29532,28.83984375,135,90,225,,
10,43900,42.87109375,133,83,216,,
10,58276,56.91015625,144,105,249,,
10,72648,70.9453125,119,76,195,,
10,87738,85.68164063,136,91,227,,
10,102116,99.72265625,153,117,270,,
10,116494,113.7636719,148,96,244,,
10,130866,127.7988281,130,85,215,,
10,145246,141.8417969,137,100,237,,
10,159622,155.8808594,157,105,262,,
10,173996,169.9179688,154,97,251,,
10,188386,183.9707031,143,87,230,,
10,202754,198.0019531,143,93,236,,
10,217128,212.0390625,160,85,245,,
10,231498,226.0722656,157,97,254,,
10,245880,240.1171875,159,104,263,,
10,260246,254.1464844,153,87,240,,
10,274626,268.1894531,152,89,241,,
10,288990,282.2167969,153,95,248,,
10,303356,296.2460938,159,91,250,,
10,317740,310.2929688,163,97,260,,
10,332128,324.34375,157,96,253,,
10,346498,338.3769531,161,99,260,BAn10m3 (iteration 2),
10,15158,14.80273438,127,74,201,,
10,29534,28.84179688,126,84,210,,
10,43906,42.87695313,155,108,263,,
10,58284,56.91796875,142,93,235,,
10,72672,70.96875,131,90,221,,
10,87750,85.69335938,120,80,200,,
10,102110,99.71679688,134,84,218,,
10,116494,113.7636719,146,95,241,,
10,130876,127.8085938,129,82,211,,
10,145254,141.8496094,148,97,245,,
10,159650,155.9082031,172,114,286,,
10,174022,169.9433594,172,113,285,,
10,188396,183.9804688,151,94,245,,
10,202762,198.0097656,150,90,240,,
10,217136,212.046875,148,95,243,,
10,231516,226.0898438,162,104,266,,
10,245898,240.1347656,180,119,299,,
10,260270,254.1699219,140,88,228,,
10,274648,268.2109375,158,91,249,,
10,289028,282.2539063,171,108,279,,
10,303400,296.2890625,159,94,253,,
10,317770,310.3222656,159,94,253,,
10,332144,324.359375,168,103,271,,
10,346508,338.3867188,155,103,258,BAn10m3 (iteration 3),
10,15154,14.79882813,125,88,213,,
10,29530,28.83789063,130,88,218,,
10,43898,42.86914063,116,76,192,,
10,58274,56.90820313,134,95,229,,
10,72642,70.93945313,125,90,215,,
10,87718,85.66210938,136,93,229,,
10,102094,99.70117188,126,94,220,,
10,116476,113.7460938,156,113,269,,
10,130858,127.7910156,150,97,247,,
10,145238,141.8339844,159,119,278,,
10,159612,155.8710938,144,99,243,,
10,173986,169.9082031,149,97,246,,
10,188370,183.9550781,153,111,264,,
10,202738,197.9863281,132,81,213,,
10,217112,212.0234375,143,85,228,,
10,231504,226.078125,152,99,251,,
10,245880,240.1171875,138,87,225,,
10,260250,254.1503906,153,96,249,,
10,274628,268.1914063,159,85,244,,
10,289000,282.2265625,145,83,228,,
10,303370,296.2597656,184,114,298,,
10,317746,310.2988281,188,106,294,,
10,332128,324.34375,178,103,281,,
10,346514,338.3925781,160,91,251,BAn10m3 (iteration 4),
10,15156,14.80078125,129,92,221,,
10,29532,28.83984375,126,83,209,,
10,43902,42.87304688,128,88,216,,
10,58286,56.91992188,140,99,239,,
10,72644,70.94140625,121,92,213,,
10,87730,85.67382813,127,98,225,,
10,102096,99.703125,141,92,233,,
10,116476,113.7460938,132,89,221,,
10,130846,127.7792969,175,127,302,,
10,145232,141.828125,170,109,279,,
10,159618,155.8769531,131,91,222,,
10,173992,169.9140625,138,89,227,,
10,188368,183.953125,137,86,223,,
10,202754,198.0019531,127,79,206,,
10,217134,212.0449219,157,99,256,,
10,231502,226.0761719,164,104,268,,
10,245870,240.1074219,150,96,246,,
10,260246,254.1464844,150,89,239,,
10,274628,268.1914063,162,98,260,,
10,289002,282.2285156,139,87,226,,
10,303384,296.2734375,146,86,232,,
10,317764,310.3164063,155,89,244,,
10,332144,324.359375,164,99,263,,
10,346524,338.4023438,175,96,271,BAn10m3 (iteration 5),
10,15160,14.8046875,124,85,209,,
10,29536,28.84375,124,83,207,,
10,43906,42.87695313,160,112,272,,
10,58290,56.92382813,135,94,229,,
10,72656,70.953125,162,112,274,,
10,87030,84.99023438,165,105,270,,
10,101408,99.03125,135,101,236,,
10,115786,113.0722656,166,122,288,,
10,130166,127.1152344,130,78,208,,
10,145252,141.8476563,145,89,234,,
10,160326,156.5683594,155,103,258,,
10,175412,171.3007813,142,80,222,,
10,190492,186.0273438,170,94,264,,
10,205562,200.7441406,171,106,277,,
10,220638,215.4667969,179,105,284,,
10,235014,229.5058594,157,82,239,,
10,249390,243.5449219,176,98,274,,
10,263778,257.5957031,161,100,261,,
10,278158,271.6386719,181,107,288,,
10,292518,285.6621094,166,83,249,,
10,306904,299.7109375,147,81,228,,
10,321272,313.7421875,199,114,313,,
10,335644,327.7773438,176,100,276,,
10,350010,341.8066406,177,106,283,,
10,364386,355.8457031,209,99,308,,
10,378752,369.875,215,96,311,,
10,393132,383.9179688,227,114,341,,
10,407514,397.9628906,207,98,305,,
10,421890,412.0019531,201,88,289,,
10,436264,426.0390625,210,100,310,,
10,450654,440.0917969,206,104,310,,
10,465032,454.1328125,254,144,398,,
10,479402,468.1660156,224,127,351,,
10,493788,482.2148438,184,106,290,,
10,508160,496.25,203,115,318,BAn10m5 (iteration 1),
10,15160,14.8046875,146,102,248,,
10,29536,28.84375,128,67,195,,
10,43906,42.87695313,137,89,226,,
10,58288,56.921875,142,95,237,,
10,72656,70.953125,170,119,289,,
10,87036,84.99609375,168,108,276,,
10,101418,99.04101563,129,82,211,,
10,115796,113.0820313,144,91,235,,
10,130172,127.1210938,151,95,246,,
10,145254,141.8496094,133,82,215,,
10,160318,156.5605469,138,86,224,,
10,175404,171.2929688,151,98,249,,
10,190472,186.0078125,146,86,232,,
10,205536,200.71875,192,125,317,,
10,220622,215.4511719,168,96,264,,
10,235000,229.4921875,171,104,275,,
10,249374,243.5292969,169,94,263,,
10,263730,257.5488281,186,104,290,,
10,278108,271.5898438,200,106,306,,
10,292484,285.6289063,170,87,257,,
10,306858,299.6660156,189,96,285,,
10,321234,313.7050781,207,109,316,,
10,335602,327.7363281,166,85,251,,
10,349978,341.7753906,221,115,336,,
10,364350,355.8105469,208,99,307,,
10,378726,369.8496094,216,108,324,,
10,393092,383.8789063,214,112,326,,
10,407458,397.9082031,286,164,450,,
10,421830,411.9433594,262,127,389,,
10,436216,425.9921875,197,116,313,,
10,450584,440.0234375,211,117,328,,
10,464968,454.0703125,177,93,270,,
10,479344,468.109375,198,109,307,,
10,493702,482.1308594,194,114,308,,
10,508074,496.1660156,202,115,317,BAn10m5 (iteration 2),
10,15160,14.8046875,136,92,228,,
10,29536,28.84375,117,77,194,,
10,43908,42.87890625,122,84,206,,
10,58290,56.92382813,137,94,231,,
10,72656,70.953125,123,83,206,,
10,87040,85,154,73,227,,
10,101430,99.05273438,134,90,224,,
10,115804,113.0898438,148,100,248,,
10,130166,127.1152344,145,97,242,,
10,145252,141.8476563,194,143,337,,
10,160330,156.5722656,158,106,264,,
10,175404,171.2929688,155,109,264,,
10,190490,186.0253906,167,105,272,,
10,205564,200.7460938,175,110,285,,
10,220650,215.4785156,147,88,235,,
10,235026,229.5175781,169,109,278,,
10,249396,243.5507813,193,123,316,,
10,263776,257.59375,192,116,308,,
10,278158,271.6386719,176,111,287,,
10,292538,285.6816406,179,108,287,,
10,306926,299.7324219,188,109,297,,
10,321306,313.7753906,178,106,284,,
10,335684,327.8164063,170,102,272,,
10,350068,341.8632813,168,98,266,,
10,364448,355.90625,165,82,247,,
10,378826,369.9472656,172,102,274,,
10,393198,383.9824219,186,115,301,,
10,407568,398.015625,168,98,266,,
10,421958,412.0683594,178,91,269,,
10,436322,426.0957031,196,108,304,,
10,450688,440.125,182,102,284,,
10,465064,454.1640625,181,100,281,,
10,479446,468.2089844,182,98,280,,
10,493828,482.2539063,187,101,288,,
10,508206,496.2949219,209,116,325,BAn10m5 (iteration 3),
10,15150,14.79492188,139,101,240,,
10,29526,28.83398438,134,90,224,,
10,43898,42.86914063,124,88,212,,
10,58282,56.91601563,139,92,231,,
10,72650,70.94726563,122,85,207,,
10,87028,84.98828125,138,101,239,,
10,101394,99.01757813,151,97,248,,
10,115768,113.0546875,183,127,310,,
10,130140,127.0898438,144,96,240,,
10,145208,141.8046875,149,96,245,,
10,160272,156.515625,145,96,241,,
10,175348,171.2382813,147,101,248,,
10,190420,185.9570313,158,93,251,,
10,205502,200.6855469,167,114,281,,
10,220578,215.4082031,171,103,274,,
10,234956,229.4492188,147,88,235,,
10,249342,243.4980469,167,96,263,,
10,263720,257.5390625,168,100,268,,
10,278076,271.5585938,175,94,269,,
10,292458,285.6035156,223,140,363,,
10,306852,299.6601563,165,97,262,,
10,321230,313.7011719,154,95,249,,
10,335600,327.734375,178,111,289,,
10,349980,341.7773438,153,88,241,,
10,364342,355.8027344,170,105,275,,
10,378714,369.8378906,169,100,269,,
10,393090,383.8769531,174,101,275,,
10,407462,397.9121094,189,100,289,,
10,421826,411.9394531,178,99,277,,
10,436200,425.9765625,231,130,361,,
10,450580,440.0195313,199,114,313,,
10,464948,454.0507813,202,119,321,,
10,479338,468.1035156,206,106,312,,
10,493724,482.1523438,229,129,358,,
10,508098,496.1894531,225,128,353,BAn10m5 (iteration 4),
10,15158,14.80273438,115,80,195,,
10,29534,28.84179688,152,109,261,,
10,43904,42.875,139,102,241,,
10,58286,56.91992188,134,92,226,,275.8955224
10,72654,70.95117188,135,87,222,,
10,87022,84.98242188,159,98,257,,
10,101398,99.02148438,156,123,279,,
10,115782,113.0683594,153,107,260,,
10,130156,127.1054688,158,111,269,,
10,145232,141.828125,149,91,240,,
10,160310,156.5527344,157,91,248,,
10,175376,171.265625,155,107,262,,
10,190450,185.9863281,153,117,270,,
10,205522,200.7050781,168,111,279,,
10,220582,215.4121094,148,96,244,,
10,234954,229.4472656,144,96,240,,
10,249350,243.5058594,148,90,238,,
10,263716,257.5351563,164,103,267,,
10,278102,271.5839844,144,84,228,,
10,292488,285.6328125,181,112,293,,
10,306864,299.671875,148,81,229,,
10,321238,313.7089844,169,109,278,,
10,335616,327.75,185,110,295,,
10,349990,341.7871094,171,86,257,,
10,364362,355.8222656,180,114,294,,
10,378736,369.859375,166,88,254,,
10,393118,383.9042969,179,81,260,,
10,407500,397.9492188,184,103,287,,
10,421870,411.9824219,207,115,322,,
10,436242,426.0175781,177,104,281,,
10,450610,440.0488281,179,107,286,,
10,464994,454.0957031,161,84,245,,
10,479360,468.125,176,94,270,,
10,493730,482.1582031,168,100,268,,
10,508100,496.1914063,184,107,291,BAn10m5 (iteration 5),
10,15160,14.8046875,172,113,285,,
10,29536,28.84375,169,112,281,,
10,43908,42.87890625,131,81,212,,
10,58292,56.92578125,163,94,257,,
10,72660,70.95703125,129,83,212,,
10,87040,85,131,81,212,,
10,101414,99.03710938,147,97,244,,
10,115784,113.0703125,162,98,260,,
10,130170,127.1191406,162,105,267,,
10,144556,141.1679688,173,112,285,,
10,158936,155.2109375,179,112,291,,
10,173310,169.2480469,151,88,239,,
10,187686,183.2871094,154,95,249,,
10,202758,198.0058594,155,90,245,,
10,217838,212.7324219,183,99,282,,
10,232934,227.4746094,164,86,250,,
10,248008,242.1953125,156,94,250,,
10,263090,256.9238281,189,125,314,,
10,278158,271.6386719,231,144,375,,
10,293222,286.3496094,201,119,320,,
10,308286,301.0605469,147,84,231,,
10,323366,315.7871094,204,133,337,,
10,338436,330.5039063,215,112,327,,
10,353532,345.2460938,185,107,292,,
10,368620,359.9804688,193,118,311,,
10,383704,374.7109375,245,144,389,,
10,398796,389.4492188,279,153,432,,
10,413882,404.1816406,233,135,368,,
10,428262,418.2246094,205,111,316,,
10,442636,432.2617188,197,112,309,,
10,457002,446.2910156,212,115,327,,
10,471378,460.3300781,242,131,373,,
10,485736,474.3515625,222,120,342,,
10,500104,488.3828125,328,185,513,,
10,514480,502.421875,346,83,429,,
10,528852,516.4570313,206,94,300,,
10,543230,530.4980469,240,87,327,,
10,557612,544.5429688,247,109,356,,
10,571988,558.5820313,259,87,346,,
10,586364,572.6210938,293,122,415,,
10,600734,586.6542969,219,113,332,,
10,615130,600.7128906,311,100,411,BAn10m7 (iteration 1),
10,15158,14.80273438,134,93,227,,
10,29532,28.83984375,144,95,239,,
10,43902,42.87304688,140,93,233,,
10,58286,56.91992188,153,108,261,,
10,72654,70.95117188,183,125,308,,
10,87030,84.99023438,191,124,315,,
10,101400,99.0234375,135,85,220,,
10,115778,113.0644531,152,95,247,,
10,130166,127.1152344,179,122,301,,
10,144554,141.1660156,137,76,213,,
10,158930,155.2050781,146,96,242,,
10,173306,169.2441406,152,96,248,,
10,187680,183.28125,177,120,297,,
10,202756,198.0039063,175,99,274,,
10,217836,212.7304688,163,99,262,,
10,232908,227.4492188,163,104,267,,
10,247982,242.1699219,163,99,262,,
10,263066,256.9003906,154,109,263,,
10,278142,271.6230469,187,107,294,,
10,293222,286.3496094,158,91,249,,
10,308294,301.0683594,288,100,388,,
10,323378,315.7988281,457,357,814,,
10,338454,330.5214844,213,107,320,,
10,353510,345.2246094,183,102,285,,
10,368580,359.9414063,281,102,383,,
10,383664,374.671875,189,101,290,,
10,398750,389.4042969,184,104,288,,
10,413824,404.125,197,93,290,,
10,428198,418.1621094,170,93,263,,
10,442576,432.203125,178,100,278,,
10,456958,446.2480469,184,100,284,,
10,471340,460.2929688,185,104,289,,
10,485706,474.3222656,298,216,514,,
10,500076,488.3554688,183,102,285,,
10,514442,502.3847656,194,103,297,,
10,528820,516.4257813,186,99,285,,
10,543204,530.4726563,203,102,305,,
10,557588,544.5195313,219,132,351,,
10,571966,558.5605469,200,109,309,,
10,586340,572.5976563,189,98,287,,
10,600726,586.6464844,195,97,292,,
10,615098,600.6816406,199,101,300,BAn10m7 (iteration 2),
10,15158,14.80273438,134,89,223,,
10,29530,28.83789063,145,103,248,,
10,43902,42.87304688,145,96,241,,
10,58282,56.91601563,140,88,228,,
10,72648,70.9453125,159,99,258,,
10,87028,84.98828125,156,104,260,,
10,101400,99.0234375,134,85,219,,
10,115766,113.0527344,143,82,225,,
10,130148,127.0976563,141,88,229,,
10,144538,141.1503906,157,109,266,,
10,158906,155.1816406,136,80,216,,
10,173278,169.2167969,176,121,297,,
10,187652,183.2539063,160,98,258,,
10,202724,197.9726563,183,113,296,,
10,217800,212.6953125,158,103,261,,
10,232874,227.4160156,174,113,287,,
10,247938,242.1269531,208,120,328,,
10,263020,256.8554688,300,192,492,,
10,278102,271.5839844,222,127,349,,
10,293174,286.3027344,220,139,359,,
10,308240,301.015625,222,137,359,,
10,323318,315.7402344,219,132,351,,
10,338390,330.4589844,204,110,314,,
10,353470,345.1855469,169,103,272,,
10,368540,359.9023438,237,150,387,,
10,383628,374.6367188,269,160,429,,
10,398714,389.3691406,215,117,332,,
10,413796,404.0976563,223,139,362,,
10,428178,418.1425781,290,148,438,,
10,442548,432.1757813,232,117,349,,
10,456922,446.2128906,241,114,355,,
10,471310,460.2636719,259,167,426,,
10,485678,474.2949219,238,132,370,,
10,500042,488.3222656,246,143,389,,
10,514418,502.3613281,213,110,323,,
10,528786,516.3925781,313,164,477,,
10,543156,530.4257813,385,176,561,,
10,557528,544.4609375,341,151,492,,
10,571900,558.4960938,349,155,504,,
10,586282,572.5410156,264,104,368,,
10,600658,586.5800781,250,97,347,,
10,615024,600.609375,246,123,369,BAn10m7 (iteration 3),
10,15160,14.8046875,165,112,277,,
10,29536,28.84375,177,117,294,,
10,43908,42.87890625,150,90,240,,
10,58292,56.92578125,128,85,213,,
10,72660,70.95703125,158,96,254,,
10,87040,85,143,98,241,,
10,101412,99.03515625,152,100,252,,
10,115786,113.0722656,146,93,239,,
10,130140,127.0898438,125,78,203,,
10,144510,141.1230469,134,86,220,,
10,158886,155.1621094,146,92,238,,
10,173260,169.1992188,160,107,267,,
10,187638,183.2402344,173,107,280,,
10,202722,197.9707031,162,94,256,,
10,217780,212.6757813,151,98,249,,
10,232852,227.3945313,151,95,246,,
10,247932,242.1210938,176,112,288,,
10,263010,256.8457031,156,91,247,,
10,278080,271.5625,200,119,319,,
10,293154,286.2832031,177,96,273,,
10,308220,300.9960938,146,100,246,,
10,323296,315.71875,181,101,282,,
10,338372,330.4414063,171,100,271,,
10,353448,345.1640625,184,118,302,,
10,368524,359.8867188,191,85,276,,
10,383614,374.6230469,168,93,261,,
10,398688,389.34375,213,118,331,,
10,413754,404.0566406,197,125,322,,
10,428120,418.0859375,196,119,315,,
10,442502,432.1308594,237,130,367,,
10,456872,446.1640625,230,123,353,,
10,471264,460.21875,168,87,255,,
10,485636,474.2539063,196,88,284,,
10,499992,488.2734375,203,105,308,,
10,514362,502.3066406,222,99,321,,
10,528738,516.3457031,219,121,340,,
10,543106,530.3769531,179,98,277,,
10,557478,544.4121094,200,112,312,,300.4
10,571858,558.4550781,211,109,320,,
10,586242,572.5019531,214,122,336,,
10,600626,586.5488281,201,95,296,,
10,615006,600.5917969,206,103,309,BAn10m7 (iteration 4),
,,,,,,,
,,,,,,,
,,,,,,,
,,,,,,,
,,,,,,,
,,,,,,,
,,,,,,,
,,,,,,,
,,,,,,,
,,,,,,,
,,,,,,,
,,,,,,,
,,,,,,,
,,,,,,,
,,,,,,,
,,,,,,,
,,,,,,,
,,,,,,,
,,,,,,,
,,,,,,,
,,,,,,,
,,,,,,,
,,,,,,,
,,,,,,,
,,,,,,,
,,,,,,,
,,,,,,,
,,,,,,,
,,,,,,,
,,,,,,,
,,,,,,,
,,,,,,,
,,,,,,,
,,,,,,,
,,,,,,,
,,,,,,,
,,,,,,,
,,,,,,,
,,,,,,,
,,,,,,,
,,,,,,,
,,,,,,,
,,,,,,,
,,,,,,,
,,,,,,,
,,,,,,,
,,,,,,,
,,,,,,,
,,,,,,,
,,,,,,,
,,,,,,,
,,,,,,,
,,,,,,,
,,,,,,,
,,,,,,,
,,,,,,,
,,,,,,,
,,,,,,,
,,,,,,,
,,,,,,,
,,,,,,,
,,,,,,,
,,,,,,,
,,,,,,,
,,,,,,,
,,,,,,,
,,,,,,,
,,,,,,,
,,,,,,,
,,,,,,,
,,,,,,,
,,,,,,,
,,,,,,,
,,,,,,,
,,,,,,,
,,,,,,,
,,,,,,,
,,,,,,,
,,,,,,,
,,,,,,,
,,,,,,,
,,,,,,,
,,,,,,,
,,,,,,,
,,,,,,,
,,,,,,,
,,,,,,,
,,,,,,,
,,,,,,,
,,,,,,,
,,,,,,,
,,,,,,,
,,,,,,,
,,,,,,,
,,,,,,,
,,,,,,,
,,,,,,,
,,,,,,,
,,,,,,,
,,,,,,,
,,,,,,,
,,,,,,,
,,,,,,,
,,,,,,,
,,,,,,,
,,,,,,,
,,,,,,,
,,,,,,,
,,,,,,,
,,,,,,,
,,,,,,,
,,,,,,,
,,,,,,,
,,,,,,,
,,,,,,,
,,,,,,,
,,,,,,,
,,,,,,,
,,,,,,,
,,,,,,,
,,,,,,,
,,,,,,,
,,,,,,,
,,,,,,,
,,,,,,,
,,,,,,,
,,,,,,,
,,,,,,,
,,,,,,,
,,,,,,,
,,,,,,,
,,,,,,,
,,,,,,,
,,,,,,,
,,,,,,,
,,,,,,,
,,,,,,,
,,,,,,,
,,,,,,,
,,,,,,,
,,,,,,,
,,,,,,,
,,,,,,,
,,,,,,,
,,,,,,,
,,,,,,,
,,,,,,,
,,,,,,,
,,,,,,,
,,,,,,,
,,,,,,,
,,,,,,,
,,,,,,,
,,,,,,,
,,,,,,,
,,,,,,,
,,,,,,,
,,,,,,,
,,,,,,,
,,,,,,,
,,,,,,,
,,,,,,,
,,,,,,,
,,,,,,,
,,,,,,,
,,,,,,,
,,,,,,,
,,,,,,,
,,,,,,,
,,,,,,,
,,,,,,,
,,,,,,,
,,,,,,,
,,,,,,,
,,,,,,,
,,,,,,,
,,,,,,,
,,,,,,,
,,,,,,,
,,,,,,,
,,,,,,,
,,,,,,,
,,,,,,,
,,,,,,,
,,,,,,,
,,,,,,,
,,,,,,,
,,,,,,,
,,,,,,,
,,,,,,,
,,,,,,,
,,,,,,,
,,,,,,,
,,,,,,,
,,,,,,,
,,,,,,,
,,,,,,,
,,,,,,,
,,,,,,,
,,,,,,,
,,,,,,,
,,,,,,,
,,,,,,,
,,,,,,,
,,,,,,,
,,,,,,,
,,,,,,,
,,,,,,,
,,,,,,,
,,,,,,,
,,,,,,,
,,,,,,,
,,,,,,,
,,,,,,,
,,,,,,,
,,,,,,,
,,,,,,,
,,,,,,,
,,,,,,,
,,,,,,,
,,,,,,,
,,,,,,,
,,,,,,,
,,,,,,,
,,,,,,,
,,,,,,,
,,,,,,,
,,,,,,,
,,,,,,,
,,,,,,,
,,,,,,,
,,,,,,,
,,,,,,,
,,,,,,,
,,,,,,,
,,,,,,,
,,,,,,,
,,,,,,,
,,,,,,,
,,,,,,,
,,,,,,,
,,,,,,,
,,,,,,,
,,,,,,,
,,,,,,,
,,,,,,,
,,,,,,,
,,,,,,,
,,,,,,,
,,,,,,,
,,,,,,,
,,,,,,,
,,,,,,,
,,,,,,,
,,,,,,,
,,,,,,,
,,,,,,,
,,,,,,,
,,,,,,,
,,,,,,,
,,,,,,,
,,,,,,,
,,,,,,,
,,,,,,,
,,,,,,,
,,,,,,,
,,,,,,,
,,,,,,,
,,,,,,,
,,,,,,,
,,,,,,,
,,,,,,,
,,,,,,,
,,,,,,,
,,,,,,,
,,,,,,,
,,,,,,,
,,,,,,,
,,,,,,,
,,,,,,,
,,,,,,,
,,,,,,,
,,,,,,,
,,,,,,,
,,,,,,,
,,,,,,,
,,,,,,,
,,,,,,,
,,,,,,,
,,,,,,,
,,,,,,,
,,,,,,,
,,,,,,,
,,,,,,,
,,,,,,,
,,,,,,,315.25
,,,,,,,
,,,,,,,
,,,,,,,
,,,,,,,
,,,,,,,
,,,,,,,
,,,,,,,
,,,,,,,
,,,,,,,
,,,,,,,
,,,,,,,
,,,,,,,
,,,,,,,
,,,,,,,
,,,,,,,
,,,,,,,
,,,,,,,
,,,,,,,
,,,,,,,
,,,,,,,
,,,,,,,
,,,,,,,
,,,,,,,
,,,,,,,
,,,,,,,
,,,,,,,
,,,,,,,
,,,,,,,
,,,,,,,
,,,,,,,
,,,,,,,
,,,,,,,
,,,,,,,
,,,,,,,
,,,,,,,
,,,,,,,
,,,,,,,
,,,,,,,
,,,,,,,
,,,,,,,
,,,,,,,
,,,,,,,
,,,,,,,
,,,,,,,
,,,,,,,
,,,,,,,
,,,,,,,
,,,,,,,
,,,,,,,
,,,,,,,
,,,,,,,
,,,,,,,
,,,,,,,
,,,,,,,
,,,,,,,
,,,,,,,
,,,,,,,
,,,,,,,
,,,,,,,
,,,,,,,
,,,,,,,
,,,,,,,
,,,,,,,
,,,,,,,
,,,,,,,
,,,,,,,
,,,,,,,
,,,,,,,
,,,,,,,
,,,,,,,
,,,,,,,
,,,,,,,
,,,,,,,
,,,,,,,
,,,,,,,
,,,,,,,
,,,,,,,
,,,,,,,
,,,,,,,
,,,,,,,
,,,,,,,
,,,,,,,
,,,,,,,
,,,,,,,
,,,,,,,
,,,,,,,
,,,,,,,
,,,,,,,
,,,,,,,
,,,,,,,
,,,,,,,
,,,,,,,
,,,,,,,
,,,,,,,
,,,,,,,
,,,,,,,
,,,,,,,
,,,,,,,
,,,,,,,
,,,,,,,
,,,,,,,
,,,,,,,
,,,,,,,
,,,,,,,
,,,,,,,
,,,,,,,
,,,,,,,
,,,,,,,
,,,,,,,
,,,,,,,
,,,,,,,
,,,,,,,
,,,,,,,
,,,,,,,
,,,,,,,
,,,,,,,
,,,,,,,
,,,,,,,
,,,,,,,
,,,,,,,
,,,,,,,
,,,,,,,
,,,,,,,
,,,,,,,
,,,,,,,
,,,,,,,
,,,,,,,
,,,,,,,
,,,,,,,
,,,,,,,
,,,,,,,
,,,,,,,
,,,,,,,
,,,,,,,
,,,,,,,
,,,,,,,
,,,,,,,
,,,,,,,
,,,,,,,
,,,,,,,
,,,,,,,
,,,,,,,
,,,,,,,
,,,,,,,
,,,,,,,
,,,,,,,
,,,,,,,
,,,,,,,
,,,,,,,
,,,,,,,
,,,,,,,
,,,,,,,
,,,,,,,
,,,,,,,
,,,,,,,
,,,,,,,
,,,,,,,
,,,,,,,
,,,,,,,
,,,,,,,
,,,,,,,
,,,,,,,
,,,,,,,
,,,,,,,
,,,,,,,
,,,,,,,
,,,,,,,
,,,,,,,
,,,,,,,
,,,,,,,
,,,,,,,
,,,,,,,
,,,,,,,
,,,,,,,
,,,,,,,
,,,,,,,
,,,,,,,
,,,,,,,
,,,,,,,
,,,,,,,
,,,,,,,
,,,,,,,
,,,,,,,
,,,,,,,
,,,,,,,
,,,,,,,
,,,,,,,
,,,,,,,
,,,,,,,
,,,,,,,
,,,,,,,
,,,,,,,
,,,,,,,
,,,,,,,
,,,,,,,
,,,,,,,
,,,,,,,
,,,,,,,
,,,,,,,
,,,,,,,
,,,,,,,
,,,,,,,
,,,,,,,
,,,,,,,
,,,,,,,
,,,,,,,
,,,,,,,
,,,,,,,
,,,,,,,
,,,,,,,
,,,,,,,
,,,,,,,
,,,,,,,
,,,,,,,
,,,,,,,
,,,,,,,
,,,,,,,
,,,,,,,
,,,,,,,
,,,,,,,
,,,,,,,
,,,,,,,
,,,,,,,
,,,,,,,
,,,,,,,
,,,,,,,
,,,,,,,
,,,,,,,
,,,,,,,
,,,,,,,
,,,,,,,
,,,,,,,
,,,,,,,
,,,,,,,
,,,,,,,
,,,,,,,
,,,,,,,
,,,,,,,
,,,,,,,
,,,,,,,
,,,,,,,
,,,,,,,
,,,,,,,
,,,,,,,
,,,,,,,
,,,,,,,
,,,,,,,
,,,,,,,
,,,,,,,
,,,,,,,
,,,,,,,
,,,,,,,
,,,,,,,
,,,,,,,
,,,,,,,
,,,,,,,
,,,,,,,
,,,,,,,
,,,,,,,
,,,,,,,
,,,,,,,
,,,,,,,
,,,,,,,
,,,,,,,
,,,,,,,
,,,,,,,
,,,,,,,
,,,,,,,
,,,,,,,
,,,,,,,
,,,,,,,
,,,,,,,
,,,,,,,
,,,,,,,
,,,,,,,
,,,,,,,
,,,,,,,
,,,,,,,
,,,,,,,
,,,,,,,
,,,,,,,
,,,,,,,
,,,,,,,
,,,,,,,
,,,,,,,
,,,,,,,
,,,,,,,
,,,,,,,
,,,,,,,
,,,,,,,
,,,,,,,
,,,,,,,
,,,,,,,
,,,,,,,
,,,,,,,
,,,,,,,
,,,,,,,
,,,,,,,
,,,,,,,
,,,,,,,
,,,,,,,
,,,,,,,
,,,,,,,
,,,,,,,
,,,,,,,
,,,,,,,
,,,,,,,
,,,,,,,
,,,,,,,
,,,,,,,
,,,,,,,
,,,,,,,
,,,,,,,
,,,,,,,
,,,,,,,
,,,,,,,
,,,,,,,
,,,,,,,
,,,,,,,
,,,,,,,
,,,,,,,
,,,,,,,
,,,,,,,
,,,,,,,
,,,,,,,
,,,,,,,
,,,,,,,
,,,,,,,
,,,,,,,
,,,,,,,
,,,,,,,
,,,,,,,
,,,,,,,
,,,,,,,
,,,,,,,
,,,,,,,
,,,,,,,
,,,,,,,
,,,,,,,
,,,,,,,
,,,,,,,
,,,,,,,
,,,,,,,
,,,,,,,
,,,,,,,
,,,,,,,
,,,,,,,
,,,,,,,
,,,,,,,
,,,,,,,
,,,,,,,
,,,,,,,
,,,,,,,
,,,,,,,
,,,,,,,
,,,,,,,
,,,,,,,
,,,,,,,
,,,,,,,
,,,,,,,
,,,,,,,
,,,,,,,
,,,,,,,
,,,,,,,
,,,,,,,
,,,,,,,
,,,,,,,
,,,,,,,
,,,,,,,
,,,,,,,
,,,,,,,
,,,,,,,
,,,,,,,
,,,,,,,
,,,,,,,
,,,,,,,
,,,,,,,
,,,,,,,
,,,,,,,
,,,,,,,
,,,,,,,
,,,,,,,
,,,,,,,
,,,,,,,#DIV/0!
,,,,,,,
,,,,,,,
,,,,,,,
,,,,,,,
,,,,,,,
,,,,,,,
,,,,,,,
,,,,,,,
,,,,,,,
,,,,,,,
,,,,,,,
,,,,,,,
,,,,,,,
,,,,,,,
,,,,,,,
,,,,,,,
,,,,,,,
,,,,,,,
,,,,,,,
,,,,,,,
,,,,,,,
,,,,,,,
,,,,,,,
,,,,,,,
,,,,,,,
,,,,,,,
,,,,,,,
,,,,,,,
,,,,,,,
,,,,,,,
,,,,,,,
,,,,,,,
,,,,,,,
,,,,,,,
,,,,,,,
,,,,,,,
,,,,,,,
,,,,,,,
,,,,,,,
,,,,,,,
,,,,,,,
,,,,,,,
,,,,,,,
,,,,,,,
,,,,,,,
,,,,,,,
,,,,,,,
,,,,,,,
,,,,,,,
,,,,,,,
,,,,,,,
,,,,,,,
,,,,,,,
,,,,,,,
,,,,,,,
,,,,,,,
,,,,,,,
,,,,,,,
,,,,,,,
,,,,,,,
,,,,,,,
,,,,,,,
,,,,,,,
,,,,,,,
,,,,,,,
,,,,,,,
,,,,,,,
,,,,,,,
,,,,,,,
,,,,,,,
,,,,,,,
,,,,,,,
,,,,,,,
,,,,,,,
,,,,,,,
,,,,,,,
,,,,,,,
,,,,,,,
,,,,,,,
,,,,,,,
,,,,,,,
,,,,,,,
,,,,,,,
,,,,,,,
,,,,,,,
,,,,,,,
,,,,,,,
,,,,,,,
,,,,,,,
,,,,,,,
,,,,,,,
,,,,,,,
,,,,,,,
,,,,,,,
,,,,,,,
,,,,,,,
,,,,,,,
,,,,,,,
,,,,,,,
,,,,,,,
,,,,,,,
,,,,,,,
,,,,,,,
,,,,,,,
,,,,,,,
,,,,,,,
,,,,,,,
,,,,,,,
,,,,,,,
,,,,,,,
,,,,,,,
,,,,,,,
,,,,,,,
,,,,,,,
,,,,,,,
,,,,,,,
,,,,,,,
,,,,,,,
,,,,,,,
,,,,,,,
,,,,,,,
,,,,,,,
,,,,,,,
,,,,,,,
,,,,,,,
,,,,,,,
,,,,,,,
,,,,,,,
,,,,,,,
,,,,,,,
,,,,,,,
,,,,,,,
,,,,,,,
,,,,,,,
,,,,,,,
,,,,,,,
,,,,,,,
,,,,,,,
,,,,,,,
,,,,,,,
,,,,,,,
,,,,,,,
,,,,,,,
,,,,,,,
,,,,,,,
,,,,,,,
,,,,,,,
,,,,,,,
,,,,,,,
,,,,,,,
,,,,,,,
,,,,,,,
,,,,,,,
,,,,,,,
,,,,,,,
,,,,,,,
,,,,,,,
,,,,,,,
,,,,,,,
,,,,,,,
,,,,,,,
,,,,,,,
,,,,,,,
,,,,,,,
,,,,,,,
,,,,,,,
,,,,,,,
,,,,,,,
,,,,,,,
,,,,,,,
,,,,,,,
,,,,,,,
,,,,,,,
,,,,,,,
,,,,,,,
,,,,,,,
,,,,,,,
,,,,,,,
,,,,,,,
,,,,,,,
,,,,,,,
,,,,,,,
,,,,,,,
,,,,,,,
,,,,,,,
,,,,,,,
,,,,,,,
,,,,,,,
,,,,,,,
,,,,,,,
,,,,,,,
,,,,,,,
,,,,,,,
,,,,,,,
,,,,,,,
,,,,,,,
,,,,,,,
,,,,,,,
,,,,,,,
,,,,,,,
,,,,,,,
,,,,,,,
,,,,,,,
,,,,,,,
,,,,,,,
,,,,,,,
,,,,,,,
,,,,,,,
,,,,,,,
,,,,,,,
,,,,,,,
,,,,,,,
,,,,,,,
,,,,,,,
,,,,,,,
,,,,,,,
,,,,,,,
,,,,,,,
,,,,,,,
,,,,,,,
,,,,,,,
,,,,,,,
,,,,,,,
,,,,,,,
,,,,,,,
,,,,,,,
,,,,,,,
,,,,,,,
,,,,,,,
,,,,,,,
,,,,,,,
,,,,,,,
,,,,,,,
,,,,,,,
,,,,,,,
,,,,,,,
,,,,,,,
,,,,,,,
,,,,,,,
,,,,,,,
,,,,,,,
,,,,,,,
,,,,,,,
,,,,,,,
,,,,,,,
,,,,,,,
,,,,,,,
,,,,,,,
,,,,,,,
,,,,,,,
,,,,,,,
,,,,,,,
,,,,,,,
,,,,,,,
,,,,,,,
,,,,,,,
,,,,,,,
,,,,,,,
,,,,,,,
,,,,,,,
,,,,,,,
,,,,,,,
,,,,,,,
,,,,,,,
,,,,,,,
,,,,,,,
,,,,,,,
,,,,,,,
,,,,,,,
,,,,,,,
,,,,,,,
,,,,,,,
,,,,,,,
,,,,,,,
,,,,,,,
,,,,,,,
,,,,,,,
,,,,,,,
,,,,,,,
,,,,,,,
,,,,,,,
,,,,,,,
,,,,,,,
,,,,,,,
,,,,,,,
,,,,,,,
,,,,,,,
,,,,,,,
,,,,,,,
,,,,,,,
,,,,,,,
,,,,,,,
,,,,,,,
,,,,,,,
,,,,,,,
,,,,,,,
,,,,,,,
,,,,,,,
,,,,,,,
,,,,,,,
,,,,,,,
,,,,,,,
,,,,,,,
,,,,,,,
,,,,,,,
,,,,,,,
,,,,,,,
,,,,,,,
,,,,,,,
,,,,,,,
,,,,,,,
,,,,,,,
,,,,,,,
,,,,,,,
,,,,,,,
,,,,,,,
,,,,,,,
,,,,,,,
,,,,,,,
,,,,,,,
,,,,,,,
,,,,,,,
,,,,,,,
,,,,,,,
,,,,,,,
,,,,,,,
,,,,,,,
,,,,,,,
,,,,,,,
,,,,,,,
,,,,,,,
,,,,,,,
,,,,,,,
,,,,,,,
,,,,,,,
,,,,,,,
,,,,,,,
,,,,,,,
,,,,,,,
,,,,,,,
,,,,,,,
,,,,,,,
,,,,,,,
,,,,,,,
,,,,,,,
,,,,,,,
,,,,,,,
,,,,,,,
,,,,,,,
,,,,,,,
,,,,,,,
,,,,,,,
,,,,,,,
,,,,,,,
,,,,,,,
,,,,,,,
,,,,,,,
,,,,,,,
,,,,,,,
,,,,,,,
,,,,,,,
,,,,,,,
,,,,,,,
,,,,,,,
,,,,,,,
,,,,,,,
,,,,,,,
,,,,,,,
,,,,,,,
,,,,,,,
,,,,,,,
,,,,,,,
,,,,,,,
,,,,,,,
,,,,,,,
,,,,,,,
,,,,,,,
,,,,,,,
,,,,,,,
,,,,,,,
,,,,,,,
,,,,,,,
,,,,,,,
,,,,,,,
,,,,,,,
,,,,,,,
,,,,,,,
,,,,,,,
,,,,,,,
,,,,,,,
,,,,,,,
,,,,,,,
,,,,,,,
,,,,,,,
,,,,,,,
,,,,,,,
,,,,,,,
,,,,,,,
,,,,,,,
,,,,,,,
,,,,,,,
,,,,,,,
,,,,,,,
,,,,,,,
,,,,,,,
,,,,,,,
,,,,,,,
,,,,,,,
,,,,,,,
,,,,,,,
,,,,,,,
,,,,,,,
,,,,,,,
,,,,,,,
,,,,,,,
,,,,,,,
,,,,,,,
,,,,,,,
,,,,,,,
,,,,,,,
,,,,,,,
,,,,,,,
,,,,,,,
,,,,,,,
,,,,,,,
,,,,,,,
,,,,,,,
,,,,,,,
,,,,,,,
,,,,,,,
,,,,,,,
,,,,,,,
,,,,,,,
,,,,,,,
,,,,,,,
,,,,,,,
,,,,,,,
,,,,,,,
,,,,,,,
,,,,,,,
,,,,,,,
,,,,,,,
,,,,,,,
,,,,,,,
,,,,,,,
,,,,,,,
,,,,,,,
,,,,,,,
,,,,,,,
,,,,,,,
,,,,,,,
,,,,,,,
,,,,,,,
,,,,,,,
,,,,,,,
,,,,,,,
,,,,,,,
,,,,,,,
,,,,,,,
,,,,,,,
,,,,,,,
,,,,,,,
,,,,,,,
,,,,,,,
,,,,,,,
,,,,,,,
,,,,,,,
,,,,,,,
,,,,,,,
,,,,,,,
,,,,,,,
,,,,,,,
,,,,,,,
,,,,,,,
,,,,,,,
,,,,,,,
,,,,,,,
,,,,,,,
,,,,,,,
,,,,,,,
,,,,,,,
,,,,,,,
,,,,,,,
,,,,,,,
,,,,,,,
,,,,,,,
,,,,,,,
,,,,,,,
,,,,,,,
,,,,,,,
,,,,,,,
,,,,,,,
,,,,,,,
,,,,,,,
,,,,,,,
,,,,,,,
,,,,,,,
,,,,,,,
,,,,,,,
,,,,,,,
,,,,,,,
,,,,,,,
,,,,,,,
,,,,,,,
,,,,,,,
,,,,,,,
,,,,,,,
,,,,,,,
,,,,,,,
,,,,,,,
,,,,,,,
,,,,,,,
,,,,,,,
,,,,,,,
,,,,,,,
,,,,,,,
,,,,,,,
,,,,,,,
,,,,,,,
,,,,,,,
,,,,,,,
,,,,,,,
,,,,,,,
,,,,,,,
,,,,,,,
,,,,,,,
,,,,,,,
,,,,,,,
,,,,,,,
,,,,,,,
,,,,,,,
,,,,,,,
,,,,,,,
,,,,,,,
,,,,,,,
,,,,,,,
,,,,,,,
,,,,,,,
,,,,,,,
,,,,,,,
,,,,,,,
,,,,,,,
,,,,,,,
,,,,,,,
,,,,,,,
,,,,,,,
,,,,,,,
,,,,,,,
,,,,,,,
,,,,,,,
,,,,,,,
,,,,,,,
,,,,,,,
,,,,,,,
,,,,,,,
,,,,,,,
,,,,,,,
,,,,,,,
,,,,,,,
,,,,,,,
,,,,,,,
,,,,,,,
,,,,,,,
,,,,,,,
,,,,,,,
,,,,,,,
,,,,,,,
,,,,,,,
,,,,,,,
,,,,,,,
,,,,,,,
,,,,,,,
,,,,,,,
,,,,,,,
,,,,,,,
,,,,,,,
,,,,,,,
,,,,,,,
,,,,,,,
,,,,,,,
,,,,,,,
,,,,,,,
,,,,,,,
,,,,,,,
,,,,,,,
,,,,,,,
,,,,,,,
,,,,,,,
,,,,,,,
,,,,,,,
,,,,,,,
,,,,,,,
,,,,,,,
,,,,,,,
,,,,,,,
,,,,,,,
,,,,,,,
,,,,,,,
,,,,,,,
,,,,,,,
,,,,,,,
,,,,,,,
,,,,,,,
,,,,,,,
,,,,,,,
,,,,,,,
,,,,,,,
,,,,,,,
,,,,,,,
,,,,,,,#DIV/0!
,,,,,,,
,,,,,,,
,,,,,,,
,,,,,,,
,,,,,,,
,,,,,,,
,,,,,,,
,,,,,,,
,,,,,,,
,,,,,,,
,,,,,,,
,,,,,,,
,,,,,,,
,,,,,,,
,,,,,,,
,,,,,,,
,,,,,,,
,,,,,,,
,,,,,,,
,,,,,,,
,,,,,,,
,,,,,,,
,,,,,,,
,,,,,,,
,,,,,,,
,,,,,,,
,,,,,,,
,,,,,,,
,,,,,,,
,,,,,,,
,,,,,,,
,,,,,,,
,,,,,,,
,,,,,,,
,,,,,,,
,,,,,,,
,,,,,,,
,,,,,,,
,,,,,,,
,,,,,,,
,,,,,,,
,,,,,,,
,,,,,,,
,,,,,,,
,,,,,,,
,,,,,,,
,,,,,,,
,,,,,,,
,,,,,,,
,,,,,,,
,,,,,,,
,,,,,,,
,,,,,,,
,,,,,,,
,,,,,,,
,,,,,,,
,,,,,,,
,,,,,,,
,,,,,,,
,,,,,,,
,,,,,,,
,,,,,,,
,,,,,,,
,,,,,,,
,,,,,,,
,,,,,,,
,,,,,,,
,,,,,,,
,,,,,,,
,,,,,,,
,,,,,,,
,,,,,,,
,,,,,,,
,,,,,,,
,,,,,,,
,,,,,,,
,,,,,,,
,,,,,,,
,,,,,,,
,,,,,,,
,,,,,,,
,,,,,,,
,,,,,,,
,,,,,,,
,,,,,,,
,,,,,,,
,,,,,,,
,,,,,,,
,,,,,,,
,,,,,,,
,,,,,,,
,,,,,,,
,,,,,,,
,,,,,,,
,,,,,,,
,,,,,,,
,,,,,,,
,,,,,,,
,,,,,,,
,,,,,,,
,,,,,,,
,,,,,,,
,,,,,,,
,,,,,,,
,,,,,,,
,,,,,,,
,,,,,,,
,,,,,,,
,,,,,,,
,,,,,,,
,,,,,,,
,,,,,,,
,,,,,,,
,,,,,,,
,,,,,,,
,,,,,,,
,,,,,,,
,,,,,,,
,,,,,,,
,,,,,,,
,,,,,,,
,,,,,,,
,,,,,,,
,,,,,,,
,,,,,,,
,,,,,,,
,,,,,,,
,,,,,,,
,,,,,,,
,,,,,,,
,,,,,,,
,,,,,,,
,,,,,,,
,,,,,,,
,,,,,,,
,,,,,,,
,,,,,,,
,,,,,,,
,,,,,,,
,,,,,,,
,,,,,,,
,,,,,,,
,,,,,,,
,,,,,,,
,,,,,,,
,,,,,,,
,,,,,,,
,,,,,,,
,,,,,,,
,,,,,,,
,,,,,,,
,,,,,,,
,,,,,,,
,,,,,,,
,,,,,,,
,,,,,,,
,,,,,,,
,,,,,,,
,,,,,,,
,,,,,,,
,,,,,,,
,,,,,,,
,,,,,,,
,,,,,,,
,,,,,,,
,,,,,,,
,,,,,,,
,,,,,,,
,,,,,,,
,,,,,,,
,,,,,,,
,,,,,,,
,,,,,,,
,,,,,,,
,,,,,,,
,,,,,,,
,,,,,,,
,,,,,,,
,,,,,,,
,,,,,,,
,,,,,,,
,,,,,,,
,,,,,,,
,,,,,,,
,,,,,,,
,,,,,,,
,,,,,,,
,,,,,,,
,,,,,,,
,,,,,,,
,,,,,,,
,,,,,,,
,,,,,,,
,,,,,,,
,,,,,,,#DIV/0!
,,,,,,,
,,,,,,,
,,,,,,,
,,,,,,,
,,,,,,,
,,,,,,,
,,,,,,,
,,,,,,,
,,,,,,,
,,,,,,,
,,,,,,,
,,,,,,,
,,,,,,,
,,,,,,,
,,,,,,,
,,,,,,,
,,,,,,,
,,,,,,,
,,,,,,,
,,,,,,,
,,,,,,,
,,,,,,,
,,,,,,,
,,,,,,,
,,,,,,,
,,,,,,,
,,,,,,,
,,,,,,,
,,,,,,,
,,,,,,,
,,,,,,,
,,,,,,,
,,,,,,,
,,,,,,,
,,,,,,,
,,,,,,,
,,,,,,,
,,,,,,,
,,,,,,,
,,,,,,,
,,,,,,,
,,,,,,,
,,,,,,,
,,,,,,,
,,,,,,,
,,,,,,,
,,,,,,,
,,,,,,,
,,,,,,,
,,,,,,,
,,,,,,,
,,,,,,,
,,,,,,,
,,,,,,,
,,,,,,,
,,,,,,,
,,,,,,,
,,,,,,,
,,,,,,,
,,,,,,,
,,,,,,,
,,,,,,,
,,,,,,,
,,,,,,,
,,,,,,,
,,,,,,,
,,,,,,,
,,,,,,,
,,,,,,,
,,,,,,,
,,,,,,,
,,,,,,,
,,,,,,,
,,,,,,,
,,,,,,,
,,,,,,,
,,,,,,,
,,,,,,,
,,,,,,,
,,,,,,,
,,,,,,,
,,,,,,,
,,,,,,,
,,,,,,,
,,,,,,,
,,,,,,,
,,,,,,,
,,,,,,,
,,,,,,,
,,,,,,,
,,,,,,,
,,,,,,,
,,,,,,,
,,,,,,,
,,,,,,,
,,,,,,,
,,,,,,,
,,,,,,,
,,,,,,,
,,,,,,,
,,,,,,,
,,,,,,,
,,,,,,,
,,,,,,,
,,,,,,,
,,,,,,,
,,,,,,,
,,,,,,,
,,,,,,,
,,,,,,,
,,,,,,,
,,,,,,,
,,,,,,,
,,,,,,,
,,,,,,,
,,,,,,,
,,,,,,,
,,,,,,,
,,,,,,,
,,,,,,,
,,,,,,,
,,,,,,,
,,,,,,,
,,,,,,,
,,,,,,,
,,,,,,,
,,,,,,,
,,,,,,,
,,,,,,,
,,,,,,,
,,,,,,,
,,,,,,,
,,,,,,,
,,,,,,,
,,,,,,,
,,,,,,,
,,,,,,,
,,,,,,,
,,,,,,,
,,,,,,,
,,,,,,,
,,,,,,,
,,,,,,,
,,,,,,,
,,,,,,,
,,,,,,,
,,,,,,,
,,,,,,,
,,,,,,,
,,,,,,,
,,,,,,,
,,,,,,,
,,,,,,,
,,,,,,,
,,,,,,,
,,,,,,,
,,,,,,,
,,,,,,,
,,,,,,,
,,,,,,,
,,,,,,,
,,,,,,,
,,,,,,,
,,,,,,,
,,,,,,,
,,,,,,,
,,,,,,,
,,,,,,,
,,,,,,,
,,,,,,,
,,,,,,,
,,,,,,,
,,,,,,,
,,,,,,,
,,,,,,,
,,,,,,,
,,,,,,,
,,,,,,,
,,,,,,,
,,,,,,,
,,,,,,,
,,,,,,,
,,,,,,,
,,,,,,,
,,,,,,,
,,,,,,,
,,,,,,,
,,,,,,,
,,,,,,,
,,,,,,,
,,,,,,,
,,,,,,,
,,,,,,,
,,,,,,,
,,,,,,,
,,,,,,,
,,,,,,,
,,,,,,,
,,,,,,,
,,,,,,,
,,,,,,,
,,,,,,,
,,,,,,,
,,,,,,,
,,,,,,,
,,,,,,,
,,,,,,,
,,,,,,,
,,,,,,,
,,,,,,,
,,,,,,,
,,,,,,,
,,,,,,,
,,,,,,,
,,,,,,,
,,,,,,,
,,,,,,,
,,,,,,,
,,,,,,,
,,,,,,,
,,,,,,,
,,,,,,,
,,,,,,,
,,,,,,,
,,,,,,,
,,,,,,,
,,,,,,,
,,,,,,,
,,,,,,,
,,,,,,,
,,,,,,,
,,,,,,,
,,,,,,,
,,,,,,,
,,,,,,,
,,,,,,,
,,,,,,,
,,,,,,,
,,,,,,,
,,,,,,,
,,,,,,,
,,,,,,,
,,,,,,,
,,,,,,,
,,,,,,,
,,,,,,,
,,,,,,,
,,,,,,,
,,,,,,,
,,,,,,,
,,,,,,,
,,,,,,,
,,,,,,,
,,,,,,,
,,,,,,,
,,,,,,,
,,,,,,,
,,,,,,,
,,,,,,,
,,,,,,,
,,,,,,,
,,,,,,,
,,,,,,,
,,,,,,,
,,,,,,,
,,,,,,,
,,,,,,,
,,,,,,,
,,,,,,,
,,,,,,,
,,,,,,,
,,,,,,,
,,,,,,,
,,,,,,,
,,,,,,,
,,,,,,,
,,,,,,,
,,,,,,,
,,,,,,,
,,,,,,,
,,,,,,,
,,,,,,,
,,,,,,,
,,,,,,,
,,,,,,,
,,,,,,,
,,,,,,,
,,,,,,,
,,,,,,,
,,,,,,,
,,,,,,,
,,,,,,,
,,,,,,,
,,,,,,,
,,,,,,,
,,,,,,,
,,,,,,,
,,,,,,,
,,,,,,,
,,,,,,,#DIV/0!
,,,,,,,
,,,,,,,
,,,,,,,
,,,,,,,
,,,,,,,
,,,,,,,
,,,,,,,
,,,,,,,
,,,,,,,
,,,,,,,
,,,,,,,
,,,,,,,
,,,,,,,
,,,,,,,
,,,,,,,
,,,,,,,
,,,,,,,
,,,,,,,
,,,,,,,
,,,,,,,
,,,,,,,
,,,,,,,
,,,,,,,
,,,,,,,
,,,,,,,
,,,,,,,
,,,,,,,
,,,,,,,
,,,,,,,
,,,,,,,
,,,,,,,
,,,,,,,
,,,,,,,
,,,,,,,
,,,,,,,
,,,,,,,
,,,,,,,
,,,,,,,
,,,,,,,
,,,,,,,
,,,,,,,
,,,,,,,
,,,,,,,
,,,,,,,
,,,,,,,
,,,,,,,
,,,,,,,
,,,,,,,
,,,,,,,
,,,,,,,
,,,,,,,
,,,,,,,
,,,,,,,
,,,,,,,
,,,,,,,
,,,,,,,
,,,,,,,
,,,,,,,
,,,,,,,
,,,,,,,
,,,,,,,
,,,,,,,
,,,,,,,
,,,,,,,
,,,,,,,
,,,,,,,
,,,,,,,
,,,,,,,
,,,,,,,
,,,,,,,
,,,,,,,
,,,,,,,
,,,,,,,
,,,,,,,
,,,,,,,
,,,,,,,
,,,,,,,
,,,,,,,
,,,,,,,
,,,,,,,
,,,,,,,
,,,,,,,
,,,,,,,
,,,,,,,
,,,,,,,
,,,,,,,
,,,,,,,
,,,,,,,
,,,,,,,
,,,,,,,
,,,,,,,
,,,,,,,
,,,,,,,
,,,,,,,
,,,,,,,
,,,,,,,
,,,,,,,
,,,,,,,
,,,,,,,
,,,,,,,
,,,,,,,
,,,,,,,
,,,,,,,
,,,,,,,
,,,,,,,
,,,,,,,
,,,,,,,
,,,,,,,
,,,,,,,
,,,,,,,
,,,,,,,
,,,,,,,
,,,,,,,
,,,,,,,
,,,,,,,
,,,,,,,
,,,,,,,
,,,,,,,
,,,,,,,
,,,,,,,
,,,,,,,
,,,,,,,
,,,,,,,
,,,,,,,
,,,,,,,
,,,,,,,
,,,,,,,
,,,,,,,
,,,,,,,
,,,,,,,
,,,,,,,
,,,,,,,
,,,,,,,
,,,,,,,
,,,,,,,
,,,,,,,
,,,,,,,
,,,,,,,
,,,,,,,
,,,,,,,
,,,,,,,
,,,,,,,
,,,,,,,
,,,,,,,
,,,,,,,
,,,,,,,
,,,,,,,
,,,,,,,
,,,,,,,
,,,,,,,
,,,,,,,
,,,,,,,
,,,,,,,
,,,,,,,
,,,,,,,
,,,,,,,
,,,,,,,
,,,,,,,
,,,,,,,
,,,,,,,
,,,,,,,
,,,,,,,
,,,,,,,
,,,,,,,
,,,,,,,
,,,,,,,
,,,,,,,
,,,,,,,
,,,,,,,
,,,,,,,
,,,,,,,
,,,,,,,
,,,,,,,
,,,,,,,
,,,,,,,
,,,,,,,
,,,,,,,
,,,,,,,
,,,,,,,
,,,,,,,
,,,,,,,
,,,,,,,
,,,,,,,
,,,,,,,
,,,,,,,
,,,,,,,
,,,,,,,
,,,,,,,
,,,,,,,
,,,,,,,
,,,,,,,
,,,,,,,
,,,,,,,
,,,,,,,
,,,,,,,
,,,,,,,
,,,,,,,
,,,,,,,
,,,,,,,
,,,,,,,
,,,,,,,
,,,,,,,
,,,,,,,
,,,,,,,
,,,,,,,
,,,,,,,
,,,,,,,
,,,,,,,
,,,,,,,
,,,,,,,
,,,,,,,
,,,,,,,
,,,,,,,
,,,,,,,
,,,,,,,
,,,,,,,
,,,,,,,
,,,,,,,
,,,,,,,
,,,,,,,
,,,,,,,
,,,,,,,
,,,,,,,
,,,,,,,
,,,,,,,
,,,,,,,
,,,,,,,
,,,,,,,
,,,,,,,
,,,,,,,
,,,,,,,
,,,,,,,
,,,,,,,
,,,,,,,
,,,,,,,
,,,,,,,
,,,,,,,
,,,,,,,
,,,,,,,
,,,,,,,
,,,,,,,
,,,,,,,
,,,,,,,
,,,,,,,
,,,,,,,
,,,,,,,
,,,,,,,
,,,,,,,
,,,,,,,
,,,,,,,
,,,,,,,
,,,,,,,
,,,,,,,
,,,,,,,
,,,,,,,
,,,,,,,
,,,,,,,
,,,,,,,
,,,,,,,
,,,,,,,
,,,,,,,
,,,,,,,
,,,,,,,
,,,,,,,
,,,,,,,
,,,,,,,
,,,,,,,
,,,,,,,
,,,,,,,
,,,,,,,
,,,,,,,
,,,,,,,
,,,,,,,
,,,,,,,
,,,,,,,
,,,,,,,
,,,,,,,
,,,,,,,
,,,,,,,
,,,,,,,
,,,,,,,
,,,,,,,
,,,,,,,
,,,,,,,
,,,,,,,
,,,,,,,
,,,,,,,
,,,,,,,
,,,,,,,
,,,,,,,
,,,,,,,
,,,,,,,
,,,,,,,
,,,,,,,
,,,,,,,
,,,,,,,
,,,,,,,
,,,,,,,
,,,,,,,
,,,,,,,
,,,,,,,
,,,,,,,
,,,,,,,
,,,,,,,
,,,,,,,
,,,,,,,
,,,,,,,
,,,,,,,
,,,,,,,
,,,,,,,
,,,,,,,
,,,,,,,
,,,,,,,
,,,,,,,
,,,,,,,
,,,,,,,
,,,,,,,
,,,,,,,
,,,,,,,
,,,,,,,
,,,,,,,
,,,,,,,
,,,,,,,
,,,,,,,
,,,,,,,
,,,,,,,
,,,,,,,
,,,,,,,
,,,,,,,
,,,,,,,
,,,,,,,
,,,,,,,
,,,,,,,
,,,,,,,
,,,,,,,
,,,,,,,
,,,,,,,
,,,,,,,
,,,,,,,
,,,,,,,
,,,,,,,
,,,,,,,
,,,,,,,
,,,,,,,
,,,,,,,
,,,,,,,
,,,,,,,
,,,,,,,
,,,,,,,
,,,,,,,
,,,,,,,
,,,,,,,
,,,,,,,
,,,,,,,
,,,,,,,
,,,,,,,
,,,,,,,
,,,,,,,
,,,,,,,
,,,,,,,
,,,,,,,
,,,,,,,
,,,,,,,
,,,,,,,
,,,,,,,
,,,,,,,
,,,,,,,
,,,,,,,
,,,,,,,
,,,,,,,
,,,,,,,
,,,,,,,
,,,,,,,
,,,,,,,
,,,,,,,
,,,,,,,
,,,,,,,
,,,,,,,
,,,,,,,
,,,,,,,
,,,,,,,
,,,,,,,
,,,,,,,
,,,,,,,#DIV/0!
